time,open,high,low,close
2021-09-07 04:00,1825.700,1825.700,1792.700,1795.900
2021-09-08 04:00,1781.700,1790.700,1781.700,1790.700
2021-09-09 04:00,1798.700,1798.700,1787.900,1797.400
2021-09-10 04:00,1789.600,1789.600,1789.600,1789.600
2021-09-13 04:00,1789.800,1796.000,1784.000,1792.000
2021-09-14 04:00,1791.400,1806.200,1783.000,1804.700
2021-09-15 04:00,1803.700,1803.700,1792.400,1792.400
2021-09-16 04:00,1792.900,1792.900,1743.900,1754.600
2021-09-17 04:00,1758.800,1763.000,1749.400,1749.400
2021-09-20 04:00,1751.800,1761.800,1750.900,1761.800
2021-09-21 04:00,1762.200,1776.000,1759.000,1776.000
2021-09-22 04:00,1776.700,1784.300,1767.000,1776.700
2021-09-23 04:00,1766.800,1766.800,1738.200,1747.700
2021-09-24 04:00,1749.700,1749.700,1745.000,1749.700
2021-09-27 04:00,1751.700,1754.400,1747.500,1750.000
2021-09-28 04:00,1739.600,1741.700,1726.800,1735.800
2021-09-29 04:00,1732.400,1744.100,1721.400,1721.500
2021-09-30 04:00,1725.500,1760.300,1724.500,1755.300
2021-10-01 04:00,1754.300,1762.600,1748.500,1757.000
2021-10-04 04:00,1764.500,1768.900,1749.500,1766.200
2021-10-05 04:00,1764.300,1764.300,1749.000,1759.600
2021-10-06 04:00,1759.300,1762.900,1744.700,1760.500
2021-10-07 04:00,1762.400,1762.400,1752.800,1757.900
2021-10-08 04:00,1757.000,1780.000,1754.200,1756.300
2021-10-11 04:00,1756.600,1757.800,1752.200,1754.600
2021-10-12 04:00,1751.900,1768.000,1749.800,1758.300
2021-10-13 04:00,1760.800,1794.500,1760.800,1793.700
2021-10-14 04:00,1792.200,1799.900,1792.000,1796.700
2021-10-15 04:00,1794.500,1795.400,1766.600,1767.200
2021-10-18 04:00,1761.600,1770.100,1759.500,1764.800
2021-10-19 04:00,1777.600,1785.000,1767.500,1769.700
2021-10-20 04:00,1774.600,1785.600,1774.000,1784.100
2021-10-21 04:00,1782.000,1785.700,1781.000,1781.200
2021-10-22 04:00,1787.100,1806.900,1784.000,1795.500
2021-10-25 04:00,1794.300,1809.000,1794.000,1806.000
2021-10-26 04:00,1808.800,1808.800,1788.600,1792.700
2021-10-27 04:00,1791.500,1798.100,1791.500,1797.900
2021-10-28 04:00,1795.500,1807.300,1795.500,1801.600
2021-10-29 04:00,1793.100,1797.000,1774.600,1783.000
2021-11-01 04:00,1787.500,1795.100,1786.700,1795.100
2021-11-02 04:00,1790.500,1795.500,1787.700,1788.700
2021-11-03 04:00,1768.000,1768.000,1761.800,1763.600
2021-11-04 04:00,1776.600,1798.200,1776.200,1793.000
2021-11-05 04:00,1794.900,1817.100,1794.900,1816.400
2021-11-08 05:00,1817.000,1827.400,1816.900,1827.400
2021-11-09 05:00,1826.100,1832.700,1820.700,1830.200
2021-11-10 05:00,1825.800,1865.000,1824.900,1847.600
2021-11-11 05:00,1853.900,1866.500,1853.900,1863.200
2021-11-12 05:00,1860.800,1867.900,1847.600,1867.900
2021-11-15 05:00,1864.500,1866.900,1864.500,1866.100
2021-11-16 05:00,1853.600,1853.600,1853.600,1853.600
2021-11-17 05:00,1862.600,1869.700,1862.600,1869.700
2021-11-18 05:00,1861.000,1861.000,1861.000,1861.000
2021-11-19 05:00,1851.200,1851.200,1851.200,1851.200
2021-11-22 05:00,1841.600,1841.600,1805.700,1806.000
2021-11-23 05:00,1795.500,1795.500,1783.500,1783.500
2021-11-24 05:00,1793.000,1793.000,1781.400,1784.100
2021-11-26 14:30,1791.100,1791.400,1785.300,1785.300
2021-11-29 05:00,1791.700,1798.900,1779.100,1782.300
2021-11-30 05:00,1783.900,1808.100,1768.700,1773.600
2021-12-01 05:00,1774.800,1790.500,1772.300,1781.600
2021-12-02 05:00,1780.900,1780.900,1760.600,1760.700
2021-12-03 05:00,1767.500,1785.100,1766.500,1782.000
2021-12-06 05:00,1780.200,1783.000,1777.200,1777.500
2021-12-07 05:00,1779.500,1786.100,1772.300,1782.600
2021-12-08 05:00,1789.900,1789.900,1779.000,1783.400
2021-12-09 05:00,1783.500,1783.500,1771.800,1774.600
2021-12-10 05:00,1773.800,1785.400,1769.100,1782.900
2021-12-13 05:00,1784.400,1787.100,1783.800,1786.300
2021-12-14 05:00,1787.000,1787.000,1769.000,1770.400
2021-12-15 05:00,1767.400,1778.700,1753.900,1762.600
2021-12-16 05:00,1781.000,1798.100,1781.000,1796.600
2021-12-17 05:00,1804.000,1812.900,1803.800,1803.800
2021-12-20 05:00,1796.800,1799.800,1792.000,1793.700
2021-12-21 05:00,1791.400,1796.500,1787.900,1787.900
2021-12-22 05:00,1786.000,1805.200,1785.500,1801.600
2021-12-23 05:00,1806.000,1811.200,1800.800,1811.200
2021-12-27 05:00,1810.000,1812.100,1807.000,1808.100
2021-12-28 05:00,1812.000,1818.000,1805.500,1810.200
2021-12-29 05:00,1803.200,1805.100,1791.400,1805.100
2021-12-30 05:00,1801.700,1816.000,1796.000,1812.700
2021-12-31 05:00,1825.100,1827.800,1821.400,1827.500
2022-01-03 05:00,1830.100,1830.100,1798.800,1799.400
2022-01-04 05:00,1800.500,1815.300,1800.000,1814.000
2022-01-05 05:00,1813.100,1824.600,1813.100,1824.600
2022-01-06 05:00,1787.100,1791.300,1787.100,1788.700
2022-01-07 05:00,1791.800,1797.000,1784.400,1797.000
2022-01-10 05:00,1794.900,1798.700,1790.400,1798.400
2022-01-11 05:00,1803.900,1822.500,1803.000,1818.600
2022-01-12 05:00,1819.000,1827.200,1816.900,1827.200
2022-01-13 05:00,1819.800,1823.000,1815.400,1821.200
2022-01-14 05:00,1821.500,1822.000,1816.500,1816.500
2022-01-18 05:00,1816.800,1820.100,1812.300,1812.300
2022-01-19 05:00,1817.400,1843.100,1817.400,1843.100
2022-01-20 05:00,1840.600,1843.000,1838.200,1842.500
2022-01-21 05:00,1838.000,1842.400,1828.900,1831.800
2022-01-24 05:00,1837.900,1842.100,1837.900,1841.700
2022-01-25 05:00,1843.000,1852.700,1842.000,1852.700
2022-01-26 05:00,1829.900,1829.900,1829.900,1829.900
2022-01-27 05:00,1793.300,1793.300,1793.300,1793.300
2022-01-28 05:00,1797.500,1798.400,1778.800,1784.900
2022-01-31 05:00,1788.500,1798.500,1785.100,1795.000
2022-02-01 05:00,1797.200,1806.100,1797.100,1800.300
2022-02-02 05:00,1797.800,1810.100,1795.100,1809.200
2022-02-03 05:00,1805.800,1808.100,1787.900,1803.000
2022-02-04 05:00,1806.000,1813.700,1792.500,1806.600
2022-02-07 05:00,1812.200,1821.300,1809.100,1820.600
2022-02-08 05:00,1818.900,1827.600,1815.000,1826.600
2022-02-09 05:00,1825.400,1835.200,1825.300,1835.200
2022-02-10 05:00,1833.300,1842.100,1820.800,1836.200
2022-02-11 05:00,1822.000,1864.800,1822.000,1840.800
2022-02-14 05:00,1861.800,1870.600,1854.600,1868.000
2022-02-15 05:00,1872.600,1879.700,1847.400,1854.800
2022-02-16 05:00,1858.700,1870.200,1856.300,1870.200
2022-02-17 05:00,1876.300,1900.700,1876.200,1900.700
2022-02-18 05:00,1899.400,1899.400,1890.700,1898.600
2022-02-22 05:00,1908.100,1912.000,1890.800,1906.100
2022-02-23 05:00,1896.600,1910.600,1895.700,1909.200
2022-02-24 05:00,1911.900,1972.500,1911.700,1925.100
2022-02-25 05:00,1906.900,1920.000,1883.600,1886.500
2022-02-28 05:00,1928.300,1928.400,1894.200,1899.400
2022-03-01 05:00,1908.300,1942.400,1903.800,1942.400
2022-03-02 05:00,1945.600,1948.200,1919.800,1920.900
2022-03-03 05:00,1930.500,1940.300,1924.800,1934.400
2022-03-04 05:00,1937.000,1970.900,1935.600,1965.100
2022-03-07 05:00,1989.000,2001.100,1963.000,1993.900
2022-03-08 05:00,1999.400,2072.000,1998.000,2040.100
2022-03-09 05:00,2053.600,2063.000,1980.800,1985.900
2022-03-10 05:00,1978.100,2010.500,1978.100,1998.100
2022-03-11 05:00,1985.000,1996.000,1959.900,1982.700
2022-03-14 04:00,1976.500,1977.700,1959.600,1959.600
2022-03-15 04:00,1939.800,1939.900,1910.700,1928.500
2022-03-16 04:00,1922.400,1922.400,1907.200,1908.000
2022-03-17 04:00,1933.900,1947.200,1933.900,1942.100
2022-03-18 04:00,1934.500,1939.300,1928.200,1928.200
2022-03-21 04:00,1925.400,1928.600,1925.000,1928.600
2022-03-22 04:00,1920.700,1920.700,1920.700,1920.700
2022-03-23 04:00,1936.600,1936.600,1936.600,1936.600
2022-03-24 04:00,1963.600,1964.000,1961.600,1961.600
2022-03-25 04:00,1953.800,1953.800,1953.800,1953.800
2022-03-28 04:00,1932.600,1939.600,1932.600,1939.600
2022-03-29 04:00,1893.500,1912.000,1893.500,1912.000
2022-03-30 04:00,1918.400,1937.000,1914.500,1933.500
2022-03-31 04:00,1933.500,1949.900,1919.100,1949.200
2022-04-01 04:00,1935.000,1938.000,1917.000,1919.100
2022-04-04 04:00,1921.200,1936.100,1915.600,1929.200
2022-04-05 04:00,1927.100,1943.500,1918.400,1922.900
2022-04-06 04:00,1916.700,1931.800,1916.700,1918.400
2022-04-07 04:00,1919.500,1934.800,1919.500,1933.800
2022-04-08 04:00,1928.800,1947.700,1928.800,1941.600
2022-04-11 04:00,1946.600,1968.400,1941.800,1944.300
2022-04-12 04:00,1952.500,1977.100,1950.600,1972.100
2022-04-13 04:00,1969.500,1981.000,1969.500,1981.000
2022-04-14 04:00,1977.200,1978.700,1963.000,1970.900
2022-04-18 04:00,1973.400,1997.100,1972.800,1982.900
2022-04-19 04:00,1973.800,1978.300,1945.700,1955.700
2022-04-20 04:00,1945.500,1953.600,1945.500,1952.300
2022-04-21 04:00,1942.500,1944.900,1942.500,1944.900
2022-04-22 04:00,1949.600,1950.400,1930.200,1931.000
2022-04-25 04:00,1925.000,1925.000,1889.300,1893.200
2022-04-26 04:00,1900.500,1909.100,1894.000,1901.400
2022-04-27 04:00,1897.800,1900.600,1882.200,1885.900
2022-04-28 04:00,1883.800,1893.000,1872.900,1888.700
2022-04-29 04:00,1902.700,1918.200,1902.400,1909.300
2022-05-02 04:00,1896.700,1896.800,1853.000,1861.800
2022-05-03 04:00,1868.800,1868.800,1868.800,1868.800
2022-05-04 04:00,1867.000,1867.000,1867.000,1867.000
2022-05-05 04:00,1897.000,1904.300,1874.000,1874.000
2022-05-06 04:00,1874.700,1890.300,1871.500,1881.200
2022-05-09 04:00,1866.600,1867.500,1854.000,1857.100
2022-05-10 04:00,1839.900,1839.900,1839.900,1839.900
2022-05-11 04:00,1841.500,1852.600,1841.000,1852.600
2022-05-12 04:00,1849.800,1851.900,1822.200,1823.800
2022-05-13 04:00,1825.000,1825.000,1807.400,1807.400
2022-05-16 04:00,1790.500,1813.500,1787.000,1813.500
2022-05-17 04:00,1824.900,1828.600,1816.700,1818.200
2022-05-18 04:00,1815.000,1819.700,1805.000,1815.900
2022-05-19 04:00,1810.900,1841.200,1810.700,1841.200
2022-05-20 04:00,1839.100,1841.800,1836.300,1841.800
2022-05-23 04:00,1846.300,1863.000,1845.800,1847.800
2022-05-24 04:00,1852.500,1867.000,1852.500,1865.100
2022-05-25 04:00,1846.200,1846.200,1846.200,1846.200
2022-05-26 04:00,1840.400,1847.400,1840.400,1847.400
2022-05-27 04:00,1848.300,1860.700,1845.900,1851.300
2022-05-31 04:00,1850.300,1862.100,1832.800,1842.700
2022-06-01 04:00,1831.000,1847.900,1825.300,1843.300
2022-06-02 04:00,1845.400,1868.700,1842.100,1866.500
2022-06-03 04:00,1867.600,1871.800,1845.400,1845.400
2022-06-06 04:00,1849.000,1854.100,1839.200,1839.200
2022-06-07 04:00,1836.900,1851.600,1835.000,1847.500
2022-06-08 04:00,1844.800,1855.000,1844.400,1851.900
2022-06-09 04:00,1846.100,1850.100,1837.900,1848.800
2022-06-10 04:00,1842.700,1875.600,1823.900,1871.500
2022-06-13 04:00,1873.800,1873.800,1818.700,1828.000
2022-06-14 04:00,1825.000,1825.500,1805.300,1809.500
2022-06-15 04:00,1814.100,1839.000,1810.800,1815.300
2022-06-16 04:00,1819.200,1850.600,1814.900,1845.700
2022-06-17 04:00,1853.700,1853.700,1833.600,1835.600
2022-06-21 04:00,1835.300,1838.600,1830.100,1834.600
2022-06-22 04:00,1829.500,1842.700,1821.600,1834.300
2022-06-23 04:00,1835.500,1841.200,1825.700,1825.700
2022-06-24 04:00,1820.500,1826.500,1815.800,1826.500
2022-06-27 04:00,1830.500,1830.700,1819.900,1820.900
2022-06-28 04:00,1824.200,1826.000,1817.500,1817.500
2022-06-29 04:00,1818.300,1830.300,1812.800,1813.700
2022-06-30 04:00,1809.600,1817.300,1801.000,1804.100
2022-07-01 04:00,1795.500,1806.100,1791.600,1798.900
2022-07-05 04:00,1805.400,1805.400,1761.800,1761.800
2022-07-06 04:00,1762.500,1768.000,1734.000,1734.900
2022-07-07 04:00,1745.200,1745.200,1737.000,1737.900
2022-07-08 04:00,1738.100,1749.300,1732.100,1740.600
2022-07-11 04:00,1732.500,1736.700,1730.000,1730.000
2022-07-12 04:00,1734.200,1735.500,1723.300,1723.300
2022-07-13 04:00,1710.000,1734.200,1710.000,1734.200
2022-07-14 04:00,1710.300,1710.500,1704.500,1704.500
2022-07-15 04:00,1705.400,1709.700,1701.100,1702.400
2022-07-18 04:00,1712.200,1712.400,1709.200,1709.200
2022-07-19 04:00,1712.300,1714.400,1706.100,1710.000
2022-07-20 04:00,1707.100,1708.500,1699.500,1699.500
2022-07-21 04:00,1687.000,1715.500,1679.800,1712.700
2022-07-22 04:00,1713.300,1735.000,1713.000,1727.100
2022-07-25 04:00,1727.000,1732.000,1719.000,1719.000
2022-07-26 04:00,1718.000,1718.000,1717.700,1717.700
2022-07-27 04:00,1719.100,1719.100,1719.100,1719.100
2022-07-28 04:00,1732.300,1755.000,1732.000,1750.300
2022-07-29 04:00,1754.000,1765.700,1750.000,1762.900
2022-08-01 04:00,1763.900,1772.500,1756.100,1769.000
2022-08-02 04:00,1772.100,1786.600,1759.400,1771.100
2022-08-03 04:00,1756.700,1770.500,1753.000,1758.000
2022-08-04 04:00,1769.400,1792.100,1767.700,1788.500
2022-08-05 04:00,1791.200,1791.400,1764.200,1772.900
2022-08-08 04:00,1771.800,1786.800,1771.800,1786.800
2022-08-09 04:00,1790.000,1796.100,1789.000,1794.000
2022-08-10 04:00,1804.400,1804.900,1787.800,1795.600
2022-08-11 04:00,1794.300,1794.300,1785.700,1789.700
2022-08-12 04:00,1786.300,1800.400,1784.300,1798.600
2022-08-15 04:00,1799.000,1799.000,1774.700,1781.400
2022-08-16 04:00,1777.400,1777.400,1771.400,1773.200
2022-08-17 04:00,1769.700,1769.700,1760.000,1760.300
2022-08-18 04:00,1762.900,1762.900,1753.400,1755.300
2022-08-19 04:00,1753.700,1754.300,1747.500,1747.600
2022-08-22 04:00,1740.500,1740.500,1726.500,1734.000
2022-08-23 04:00,1738.000,1748.900,1731.900,1746.800
2022-08-24 04:00,1745.000,1751.800,1743.600,1747.800
2022-08-25 04:00,1761.600,1761.800,1755.000,1757.700
2022-08-26 04:00,1754.000,1755.000,1736.100,1736.100
2022-08-29 04:00,1732.400,1741.200,1732.100,1736.600
2022-08-30 04:00,1736.400,1739.000,1720.700,1723.200
2022-08-31 04:00,1718.300,1720.900,1708.500,1712.800
2022-09-01 04:00,1707.900,1707.900,1693.900,1696.600
2022-09-02 04:00,1703.400,1715.700,1703.100,1709.800
2022-09-06 04:00,1709.700,1717.400,1699.700,1700.400
2022-09-07 04:00,1694.800,1715.300,1694.700,1715.300
2022-09-08 04:00,1718.200,1718.200,1705.300,1708.000
2022-09-09 04:00,1719.200,1720.000,1712.800,1716.200
2022-09-12 04:00,1727.400,1728.100,1727.400,1728.100
2022-09-13 04:00,1720.500,1720.500,1697.300,1705.000
2022-09-14 04:00,1698.700,1701.800,1696.500,1696.500
2022-09-15 04:00,1685.500,1686.000,1662.300,1665.400
2022-09-16 04:00,1660.400,1674.900,1651.700,1671.700
2022-09-19 04:00,1661.800,1669.400,1658.500,1666.200
2022-09-20 04:00,1659.700,1659.700,1659.700,1659.700
2022-09-21 04:00,1665.500,1680.100,1664.600,1664.600
2022-09-22 04:00,1668.300,1670.800,1668.300,1670.800
2022-09-23 04:00,1667.000,1667.000,1645.300,1645.300
2022-09-26 04:00,1623.300,1623.300,1623.300,1623.300
2022-09-27 04:00,1632.200,1636.600,1626.700,1626.700
2022-09-28 04:00,1620.400,1660.400,1620.400,1660.400
2022-09-29 04:00,1657.000,1662.600,1640.000,1658.500
2022-09-30 04:00,1661.700,1672.700,1658.000,1662.400
2022-10-03 04:00,1667.200,1700.000,1661.900,1692.900
2022-10-04 04:00,1701.200,1728.000,1696.000,1721.100
2022-10-05 04:00,1724.100,1726.600,1703.000,1711.400
2022-10-06 04:00,1721.000,1723.300,1709.100,1711.700
2022-10-07 04:00,1710.100,1710.100,1693.700,1700.500
2022-10-10 04:00,1693.400,1693.400,1667.000,1667.300
2022-10-11 04:00,1661.800,1678.700,1661.000,1678.700
2022-10-12 04:00,1668.000,1672.700,1668.000,1670.300
2022-10-13 04:00,1675.200,1675.300,1641.500,1670.000
2022-10-14 04:00,1665.300,1667.000,1640.000,1641.700
2022-10-17 04:00,1650.200,1657.000,1646.800,1657.000
2022-10-18 04:00,1651.400,1655.200,1649.000,1649.000
2022-10-19 04:00,1637.500,1637.500,1627.500,1627.500
2022-10-20 04:00,1622.800,1641.400,1622.800,1630.800
2022-10-21 04:00,1634.100,1653.900,1634.100,1651.000
2022-10-24 04:00,1662.700,1662.700,1648.700,1648.700
2022-10-25 04:00,1648.200,1652.800,1637.300,1652.800
2022-10-26 04:00,1649.800,1667.000,1649.800,1664.000
2022-10-27 04:00,1660.700,1660.700,1660.700,1660.700
2022-10-28 04:00,1661.000,1661.000,1638.700,1639.600
2022-10-31 04:00,1641.800,1641.800,1633.400,1635.900
2022-11-01 04:00,1630.800,1653.700,1630.800,1645.000
2022-11-02 04:00,1650.800,1664.700,1634.000,1645.700
2022-11-03 04:00,1629.200,1629.200,1615.100,1627.300
2022-11-04 04:00,1630.200,1674.500,1629.000,1672.500
2022-11-07 05:00,1676.900,1677.900,1672.900,1676.500
2022-11-08 05:00,1703.200,1712.100,1703.200,1712.100
2022-11-09 05:00,1707.400,1720.200,1706.000,1710.100
2022-11-10 05:00,1708.200,1750.300,1708.200,1750.300
2022-11-11 05:00,1763.800,1766.000,1757.600,1766.000
2022-11-14 05:00,1762.000,1773.600,1761.600,1773.600
2022-11-15 05:00,1770.800,1773.800,1769.900,1773.800
2022-11-16 05:00,1776.600,1778.900,1773.000,1773.000
2022-11-17 05:00,1763.000,1763.000,1756.000,1760.800
2022-11-18 05:00,1763.300,1763.300,1747.600,1751.900
2022-11-21 05:00,1739.000,1744.900,1736.100,1737.400
2022-11-22 05:00,1741.700,1741.700,1738.300,1738.300
2022-11-23 05:00,1736.500,1750.900,1736.500,1744.900
2022-11-25 14:30,1753.000,1757.900,1749.200,1753.300
2022-11-28 05:00,1741.300,1741.300,1740.100,1740.100
2022-11-29 05:00,1739.500,1758.200,1737.900,1748.400
2022-11-30 05:00,1748.100,1769.400,1745.100,1746.000
2022-12-01 05:00,1768.700,1803.700,1768.700,1801.100
2022-12-02 05:00,1802.000,1802.300,1779.400,1795.900
2022-12-05 05:00,1795.700,1808.000,1764.300,1767.400
2022-12-06 05:00,1768.600,1779.400,1767.900,1769.300
2022-12-07 05:00,1769.300,1790.300,1769.300,1785.500
2022-12-08 05:00,1782.000,1790.900,1782.000,1788.700
2022-12-09 05:00,1794.900,1804.300,1791.100,1798.100
2022-12-12 05:00,1787.300,1793.900,1777.700,1780.500
2022-12-13 05:00,1780.700,1819.800,1780.500,1813.900
2022-12-14 05:00,1810.800,1812.800,1797.900,1807.500
2022-12-15 05:00,1801.000,1801.000,1774.800,1777.200
2022-12-16 05:00,1777.900,1791.400,1777.900,1790.000
2022-12-19 05:00,1791.600,1796.300,1785.600,1787.700
2022-12-20 05:00,1786.500,1821.400,1786.500,1815.900
2022-12-21 05:00,1817.400,1821.400,1814.400,1815.900
2022-12-22 05:00,1818.100,1818.100,1785.000,1787.000
2022-12-23 05:00,1794.300,1802.800,1794.100,1795.900
2022-12-27 05:00,1803.400,1826.300,1803.400,1814.800
2022-12-28 05:00,1803.200,1807.900,1803.100,1807.900
2022-12-29 05:00,1805.800,1819.500,1805.800,1819.500
2022-12-30 05:00,1817.000,1822.300,1816.800,1819.700
2023-01-03 05:00,1836.200,1839.700,1836.200,1839.700
2023-01-04 05:00,1845.600,1859.100,1845.600,1852.800
2023-01-05 05:00,1855.200,1855.200,1834.800,1834.800
2023-01-06 05:00,1838.400,1868.200,1835.300,1864.200
2023-01-09 05:00,1867.000,1880.000,1867.000,1872.700
2023-01-10 05:00,1877.800,1878.100,1871.600,1871.600
2023-01-11 05:00,1873.100,1877.800,1873.100,1874.600
2023-01-12 05:00,1877.200,1897.400,1877.200,1895.500
2023-01-13 05:00,1899.000,1920.900,1898.300,1918.400
2023-01-17 05:00,1920.100,1920.100,1905.200,1907.200
2023-01-18 05:00,1911.100,1911.100,1903.100,1904.400
2023-01-19 05:00,1922.100,1931.800,1922.100,1922.100
2023-01-20 05:00,1922.100,1928.500,1921.400,1926.400
2023-01-23 05:00,1926.500,1927.100,1915.000,1927.100
2023-01-24 05:00,1931.800,1936.800,1931.800,1933.900
2023-01-25 05:00,1941.200,1941.200,1939.800,1941.200
2023-01-26 05:00,1936.600,1937.100,1927.100,1929.100
2023-01-27 05:00,1928.600,1928.600,1928.600,1928.600
2023-01-30 05:00,1928.300,1933.600,1920.300,1922.900
2023-01-31 05:00,1923.000,1930.400,1900.600,1929.500
2023-02-01 05:00,1927.200,1955.000,1922.000,1927.800
2023-02-02 05:00,1952.300,1959.100,1911.300,1916.300
2023-02-03 05:00,1912.400,1917.000,1861.500,1862.900
2023-02-06 05:00,1865.600,1880.000,1863.400,1866.200
2023-02-07 05:00,1870.000,1875.700,1868.000,1871.700
2023-02-08 05:00,1872.100,1880.400,1872.100,1877.400
2023-02-09 05:00,1875.300,1884.600,1859.800,1866.200
2023-02-10 05:00,1861.600,1863.500,1852.400,1862.800
2023-02-13 05:00,1859.000,1861.000,1850.000,1851.900
2023-02-14 05:00,1854.100,1862.000,1846.200,1854.000
2023-02-15 05:00,1842.000,1842.000,1828.200,1834.200
2023-02-16 05:00,1838.600,1843.700,1827.200,1842.000
2023-02-17 05:00,1827.400,1842.200,1818.400,1840.400
2023-02-21 05:00,1842.600,1843.000,1833.000,1833.000
2023-02-22 05:00,1835.700,1836.200,1825.100,1832.000
2023-02-23 05:00,1826.400,1827.500,1818.000,1818.000
2023-02-24 05:00,1808.800,1808.800,1808.800,1808.800
2023-02-27 05:00,1811.600,1817.500,1808.900,1817.000
2023-02-28 05:00,1808.100,1830.000,1808.100,1828.900
2023-03-01 05:00,1827.100,1841.700,1827.100,1837.700
2023-03-02 05:00,1830.000,1836.300,1830.000,1833.500
2023-03-03 05:00,1837.300,1855.400,1837.300,1847.700
2023-03-06 05:00,1853.300,1853.800,1844.200,1847.900
2023-03-07 05:00,1840.900,1840.900,1813.900,1813.900
2023-03-08 05:00,1811.600,1812.900,1811.500,1812.700
2023-03-09 05:00,1816.400,1829.300,1815.600,1829.300
2023-03-10 05:00,1852.300,1868.500,1852.000,1862.000
2023-03-13 04:00,1890.800,1913.100,1875.100,1911.700
2023-03-14 04:00,1912.200,1912.200,1901.100,1906.200
2023-03-15 04:00,1903.900,1926.600,1898.500,1926.600
2023-03-16 04:00,1909.900,1931.700,1909.900,1919.000
2023-03-17 04:00,1946.000,1985.100,1946.000,1969.800
2023-03-20 04:00,1988.300,2003.900,1968.900,1979.200
2023-03-21 04:00,1973.800,1973.800,1938.000,1938.000
2023-03-22 04:00,1946.800,1974.000,1946.800,1946.800
2023-03-23 04:00,1990.500,1994.600,1990.500,1993.800
2023-03-24 04:00,1991.700,1995.400,1982.100,1982.100
2023-03-27 04:00,1957.200,1957.200,1952.400,1952.400
2023-03-28 04:00,1972.400,1972.400,1972.400,1972.400
2023-03-29 04:00,1966.100,1966.100,1966.100,1966.100
2023-03-30 04:00,1965.900,1984.400,1954.900,1980.300
2023-03-31 04:00,1981.300,1986.800,1968.000,1969.000
2023-04-03 04:00,1968.100,1991.700,1950.000,1983.900
2023-04-04 04:00,1984.600,2027.100,1979.000,2022.200
2023-04-05 04:00,2022.100,2033.800,2013.600,2020.900
2023-04-06 04:00,2022.200,2023.300,2005.000,2011.900
2023-04-10 04:00,2000.000,2006.600,1984.000,1989.100
2023-04-11 04:00,1991.400,2006.500,1991.400,2004.800
2023-04-12 04:00,2005.200,2025.700,2005.200,2010.900
2023-04-13 04:00,2015.600,2048.600,2015.600,2041.300
2023-04-14 04:00,2041.000,2047.800,1995.000,2002.200
2023-04-17 04:00,2002.700,2007.600,1983.200,1994.200
2023-04-18 04:00,1996.900,2007.400,1996.900,2007.400
2023-04-19 04:00,2005.700,2006.400,1969.800,1995.200
2023-04-20 04:00,1998.000,2007.600,1998.000,2007.600
2023-04-21 04:00,1996.200,1996.200,1974.100,1979.500
2023-04-24 04:00,1981.300,1989.800,1977.400,1989.100
2023-04-25 04:00,1995.700,1999.100,1982.300,1994.000
2023-04-26 04:00,1997.800,1998.800,1985.600,1985.700
2023-04-27 04:00,1990.600,2002.300,1979.900,1989.900
2023-04-28 04:00,1986.900,1990.100,1977.700,1990.100
2023-05-01 04:00,1980.100,2005.000,1976.900,1983.400
2023-05-02 04:00,1994.700,2018.000,1994.700,2014.300
2023-05-03 04:00,2017.100,2035.100,2015.200,2028.600
2023-05-04 04:00,2045.000,2072.000,2040.000,2048.000
2023-05-05 04:00,2046.400,2046.400,2004.300,2017.400
2023-05-08 04:00,2022.500,2026.300,2022.500,2026.300
2023-05-09 04:00,2026.600,2037.300,2025.900,2036.200
2023-05-10 04:00,2032.300,2044.300,2029.500,2030.500
2023-05-11 04:00,2034.100,2038.300,2014.000,2014.700
2023-05-12 04:00,2014.500,2014.500,2014.500,2014.500
2023-05-15 04:00,2013.800,2018.000,2013.800,2018.000
2023-05-16 04:00,1988.400,1988.400,1988.400,1988.400
2023-05-17 04:00,1983.600,1983.600,1980.700,1980.700
2023-05-18 04:00,1956.500,1956.800,1956.500,1956.500
2023-05-19 04:00,1960.000,1978.700,1960.000,1978.700
2023-05-22 04:00,1980.500,1980.500,1974.800,1974.800
2023-05-23 04:00,1972.400,1972.400,1972.400,1972.400
2023-05-24 04:00,1975.400,1975.400,1962.800,1962.800
2023-05-25 04:00,1943.100,1943.100,1943.100,1943.100
2023-05-26 04:00,1948.200,1948.400,1944.100,1944.100
2023-05-30 04:00,1942.700,1962.600,1931.000,1958.000
2023-05-31 04:00,1958.200,1973.000,1953.000,1963.900
2023-06-01 04:00,1963.200,1983.000,1954.300,1978.000
2023-06-02 04:00,1977.100,1982.500,1947.400,1952.400
2023-06-05 04:00,1947.500,1961.900,1937.800,1958.000
2023-06-06 04:00,1960.800,1965.500,1958.800,1965.500
2023-06-07 04:00,1959.000,1968.400,1940.700,1942.700
2023-06-08 04:00,1943.200,1969.000,1943.100,1963.600
2023-06-09 04:00,1965.100,1969.800,1960.300,1962.200
2023-06-12 04:00,1959.700,1963.500,1951.400,1955.300
2023-06-13 04:00,1960.600,1967.500,1940.300,1944.600
2023-06-14 04:00,1946.200,1958.200,1940.300,1955.300
2023-06-15 04:00,1941.700,1958.800,1926.000,1957.800
2023-06-16 04:00,1961.400,1962.900,1953.500,1958.400
2023-06-20 04:00,1958.600,1958.600,1931.300,1935.500
2023-06-21 04:00,1935.600,1936.800,1920.000,1933.300
2023-06-22 04:00,1920.000,1921.000,1912.100,1912.700
2023-06-23 04:00,1918.700,1932.500,1918.700,1919.100
2023-06-26 04:00,1922.900,1928.500,1922.500,1923.700
2023-06-27 04:00,1927.000,1929.400,1914.000,1914.000
2023-06-28 04:00,1912.300,1912.300,1912.300,1912.300
2023-06-29 04:00,1909.900,1909.900,1892.500,1909.200
2023-06-30 04:00,1908.600,1921.100,1900.600,1921.100
2023-07-03 13:30,1917.900,1929.500,1917.900,1921.700
2023-07-05 04:00,1923.500,1933.900,1914.700,1919.600
2023-07-06 04:00,1909.300,1910.200,1903.200,1908.700
2023-07-07 04:00,1913.400,1934.100,1913.400,1926.200
2023-07-10 04:00,1923.600,1926.100,1912.300,1925.000
2023-07-11 04:00,1925.000,1937.000,1924.200,1931.300
2023-07-12 04:00,1932.300,1958.000,1932.200,1956.200
2023-07-13 04:00,1961.100,1961.100,1953.000,1959.200
2023-07-14 04:00,1958.400,1960.600,1952.700,1960.100
2023-07-17 04:00,1954.000,1956.500,1946.600,1952.400
2023-07-18 04:00,1968.800,1978.400,1963.400,1977.200
2023-07-19 04:00,1977.000,1977.500,1973.000,1977.500
2023-07-20 04:00,1973.700,1973.700,1965.600,1968.300
2023-07-21 04:00,1961.800,1964.300,1961.800,1964.300
2023-07-24 04:00,1965.300,1965.500,1960.300,1960.300
2023-07-25 04:00,1953.000,1962.500,1953.000,1962.100
2023-07-26 04:00,1966.200,1972.000,1966.200,1968.900
2023-07-27 04:00,1945.400,1945.400,1945.400,1945.400
2023-07-28 04:00,1945.500,1962.200,1944.200,1960.400
2023-07-31 04:00,1959.200,1971.600,1950.000,1970.500
2023-08-01 04:00,1964.900,1965.400,1940.700,1940.700
2023-08-02 04:00,1948.400,1953.600,1933.200,1937.400
2023-08-03 04:00,1934.200,1936.500,1928.000,1932.000
2023-08-04 04:00,1934.900,1945.000,1920.000,1939.600
2023-08-07 04:00,1941.000,1941.000,1929.800,1933.500
2023-08-08 04:00,1931.700,1933.200,1923.000,1924.100
2023-08-09 04:00,1925.400,1928.800,1913.700,1915.400
2023-08-10 04:00,1921.100,1927.800,1911.400,1914.400
2023-08-11 04:00,1913.000,1916.600,1911.800,1912.900
2023-08-14 04:00,1909.300,1912.600,1903.300,1910.600
2023-08-15 04:00,1906.000,1907.700,1895.000,1902.500
2023-08-16 04:00,1904.500,1904.500,1890.300,1896.100
2023-08-17 04:00,1893.700,1902.400,1884.000,1884.100
2023-08-18 04:00,1891.800,1891.800,1886.100,1886.100
2023-08-21 04:00,1893.600,1893.600,1893.300,1893.300
2023-08-22 04:00,1894.600,1896.800,1892.800,1896.400
2023-08-23 04:00,1909.600,1918.500,1909.600,1918.500
2023-08-24 04:00,1920.000,1920.800,1918.200,1918.200
2023-08-25 04:00,1919.800,1919.800,1911.100,1911.100
2023-08-28 04:00,1915.500,1921.500,1915.500,1917.900
2023-08-29 04:00,1917.900,1936.500,1916.900,1936.500
2023-08-30 04:00,1936.000,1946.400,1934.600,1944.300
2023-08-31 04:00,1944.400,1944.400,1938.200,1938.200
2023-09-01 04:00,1950.000,1950.000,1936.600,1939.800
2023-09-05 04:00,1934.400,1934.400,1924.700,1926.200
2023-09-06 04:00,1924.100,1925.300,1916.300,1918.100
2023-09-07 04:00,1917.600,1921.500,1917.500,1917.500
2023-09-08 04:00,1924.000,1924.700,1918.400,1918.400
2023-09-11 04:00,1923.000,1928.300,1921.800,1923.300
2023-09-12 04:00,1920.800,1920.800,1911.300,1911.300
2023-09-13 04:00,1910.300,1914.600,1908.900,1909.100
2023-09-14 04:00,1903.000,1910.000,1903.000,1910.000
2023-09-15 04:00,1923.500,1927.300,1923.500,1923.700
2023-09-18 04:00,1928.200,1931.500,1926.400,1931.500
2023-09-19 04:00,1934.000,1934.000,1932.000,1932.000
2023-09-20 04:00,1945.600,1945.600,1929.200,1945.600
2023-09-21 04:00,1924.000,1924.000,1919.200,1919.200
2023-09-22 04:00,1925.400,1925.400,1925.400,1925.400
2023-09-25 04:00,1916.600,1916.600,1916.600,1916.600
2023-09-26 04:00,1905.000,1905.100,1900.400,1900.400
2023-09-27 04:00,1871.600,1871.600,1871.600,1871.600
2023-09-28 04:00,1875.500,1878.200,1856.700,1860.400
2023-09-29 04:00,1864.300,1872.300,1846.000,1848.100
2023-10-02 04:00,1844.100,1845.900,1826.700,1830.000
2023-10-03 04:00,1825.000,1830.900,1816.800,1824.600
2023-10-04 04:00,1821.800,1828.200,1816.400,1818.500
2023-10-05 04:00,1826.300,1826.300,1815.600,1816.600
2023-10-06 04:00,1819.000,1831.800,1809.400,1830.200
2023-10-09 04:00,1842.500,1861.500,1842.500,1849.500
2023-10-10 04:00,1857.000,1861.400,1852.800,1861.000
2023-10-11 04:00,1869.500,1874.600,1869.100,1872.800
2023-10-12 04:00,1874.700,1881.200,1867.000,1869.300
2023-10-13 04:00,1877.500,1930.100,1877.500,1927.400
2023-10-16 04:00,1910.400,1921.100,1910.300,1921.100
2023-10-17 04:00,1914.300,1925.800,1914.300,1922.700
2023-10-18 04:00,1935.000,1957.900,1935.000,1955.300
2023-10-19 04:00,1950.100,1977.700,1945.700,1968.400
2023-10-20 04:00,1981.100,1988.600,1980.400,1982.500
2023-10-23 04:00,1976.200,1978.900,1972.900,1976.300
2023-10-24 04:00,1970.300,1975.000,1970.300,1975.000
2023-10-25 04:00,1971.200,1985.300,1971.200,1984.100
2023-10-26 04:00,1988.200,1988.200,1980.400,1987.200
2023-10-27 04:00,1988.600,1988.600,1988.600,1988.600
2023-10-30 04:00,2004.100,2004.100,1992.500,1996.200
2023-10-31 04:00,1996.500,2001.000,1983.700,1985.200
2023-11-01 04:00,1990.500,1990.500,1977.800,1978.800
2023-11-02 04:00,1989.100,1990.300,1979.500,1985.600
2023-11-03 04:00,1989.000,1991.500,1989.000,1991.500
2023-11-06 05:00,1981.600,1981.600,1977.400,1981.600
2023-11-07 05:00,1966.500,1966.800,1960.700,1966.800
2023-11-08 05:00,1967.800,1967.800,1947.700,1951.500
2023-11-09 05:00,1951.700,1964.200,1945.300,1964.200
2023-11-10 05:00,1959.600,1959.600,1932.600,1932.600
2023-11-13 05:00,1939.900,1947.200,1934.000,1945.500
2023-11-14 05:00,1965.800,1965.800,1961.800,1961.800
2023-11-15 05:00,1962.800,1962.800,1960.000,1960.100
2023-11-16 05:00,1965.300,1983.900,1964.600,1983.900
2023-11-17 05:00,1982.500,1984.000,1979.800,1981.600
2023-11-20 05:00,1978.700,1979.400,1969.700,1977.700
2023-11-21 05:00,1990.700,2005.500,1988.500,1999.300
2023-11-22 05:00,1999.100,1999.400,1991.000,1991.400
2023-11-24 14:30,1991.900,2002.200,1991.500,2002.200
2023-11-27 05:00,2011.700,2011.800,2011.700,2011.800
2023-11-28 05:00,2040.600,2042.700,2039.700,2039.700
2023-11-29 05:00,2041.700,2052.100,2036.000,2047.100
2023-11-30 05:00,2046.100,2047.100,2033.100,2038.100
2023-12-01 05:00,2038.300,2073.200,2036.000,2071.000
2023-12-04 05:00,2075.300,2130.200,2021.000,2024.100
2023-12-05 05:00,2035.100,2037.000,2010.200,2018.500
2023-12-06 05:00,2019.900,2035.800,2019.000,2030.500
2023-12-07 05:00,2029.200,2034.900,2024.000,2029.900
2023-12-08 05:00,2031.700,2033.100,1995.000,1998.300
2023-12-11 05:00,2004.100,2004.200,1977.200,1978.000
2023-12-12 05:00,1984.200,1994.200,1977.800,1977.800
2023-12-13 05:00,1978.500,2024.800,1975.000,1982.300
2023-12-14 05:00,2024.700,2040.100,2024.300,2030.200
2023-12-15 05:00,2032.600,2043.400,2018.300,2021.100
2023-12-18 05:00,2024.300,2032.800,2024.000,2026.300
2023-12-19 05:00,2025.200,2042.700,2025.200,2038.400
2023-12-20 05:00,2037.100,2037.100,2030.300,2034.500
2023-12-21 05:00,2035.800,2044.500,2033.000,2039.100
2023-12-22 05:00,2055.700,2068.700,2052.200,2057.100
2023-12-26 05:00,2060.000,2060.800,2054.200,2058.200
2023-12-27 05:00,2067.300,2081.900,2064.800,2081.900
2023-12-28 05:00,2081.600,2087.300,2066.500,2073.900
2023-12-29 05:00,2068.000,2068.900,2062.100,2062.400
2024-01-02 05:00,2063.500,2073.700,2057.100,2064.400
2024-01-03 05:00,2034.200,2044.000,2034.200,2034.200
2024-01-04 05:00,2041.600,2044.500,2038.000,2042.300
2024-01-05 05:00,2044.500,2048.100,2042.400,2042.400
2024-01-08 05:00,2019.100,2033.700,2019.100,2026.600
2024-01-09 05:00,2035.800,2035.800,2026.400,2026.400
2024-01-10 05:00,2029.000,2035.600,2021.700,2021.700
2024-01-11 05:00,2025.100,2025.100,2014.300,2014.300
2024-01-12 05:00,2031.100,2057.000,2031.100,2046.700
2024-01-16 05:00,2051.700,2054.800,2026.000,2026.000
2024-01-17 05:00,2026.500,2026.500,2002.600,2002.600
2024-01-18 05:00,2012.800,2018.600,2009.500,2018.600
2024-01-19 05:00,2023.200,2036.000,2019.500,2026.500
2024-01-22 05:00,2021.300,2021.300,2019.800,2019.800
2024-01-23 05:00,2030.300,2030.300,2022.500,2023.700
2024-01-24 05:00,2023.200,2033.200,2013.900,2013.900
2024-01-25 05:00,2012.100,2022.400,2012.100,2016.900
2024-01-26 05:00,2021.700,2022.400,2016.800,2016.800
2024-01-29 05:00,2025.200,2025.200,2025.200,2025.200
2024-01-30 05:00,2032.500,2048.500,2028.100,2031.500
2024-01-31 05:00,2035.400,2055.000,2030.000,2048.400
2024-02-01 05:00,2040.200,2064.500,2029.000,2053.000
2024-02-02 05:00,2054.800,2055.900,2027.700,2036.100
2024-02-05 05:00,2038.900,2040.800,2013.800,2025.700
2024-02-06 05:00,2025.900,2037.300,2025.900,2034.500
2024-02-07 05:00,2032.800,2039.500,2032.700,2035.200
2024-02-08 05:00,2028.000,2036.700,2020.300,2032.200
2024-02-09 05:00,2032.000,2032.000,2020.000,2023.300
2024-02-12 05:00,2025.500,2025.500,2011.600,2018.200
2024-02-13 05:00,2025.100,2025.800,1990.000,1992.900
2024-02-14 05:00,1990.300,1993.500,1984.800,1990.300
2024-02-15 05:00,1993.600,2007.200,1993.600,2002.100
2024-02-16 05:00,2005.000,2011.500,1996.500,2011.500
2024-02-20 05:00,2015.600,2029.000,2015.600,2027.500
2024-02-21 05:00,2028.200,2028.200,2022.300,2022.300
2024-02-22 05:00,2033.200,2033.200,2019.700,2019.700
2024-02-23 05:00,2026.000,2038.600,2014.900,2038.600
2024-02-26 05:00,2034.100,2035.400,2024.800,2028.500
2024-02-27 05:00,2035.900,2035.900,2034.000,2034.000
2024-02-28 05:00,2029.500,2037.000,2024.800,2033.000
2024-02-29 05:00,2034.300,2049.800,2034.300,2045.700
2024-03-01 05:00,2043.100,2086.900,2041.800,2086.900
2024-03-04 05:00,2083.600,2119.800,2080.700,2117.700
2024-03-05 05:00,2114.900,2133.500,2111.400,2133.500
2024-03-06 05:00,2125.500,2150.300,2125.500,2150.300
2024-03-07 05:00,2147.000,2163.000,2147.000,2158.000
2024-03-08 05:00,2167.300,2194.900,2166.300,2178.600
2024-03-11 04:00,2181.000,2184.000,2177.200,2182.500
2024-03-12 04:00,2182.500,2182.700,2160.400,2160.400
2024-03-13 04:00,2162.500,2175.400,2162.500,2175.400
2024-03-14 04:00,2163.000,2163.000,2162.300,2163.000
2024-03-15 04:00,2161.700,2161.700,2157.300,2157.300
2024-03-18 04:00,2146.200,2160.700,2146.200,2160.700
2024-03-19 04:00,2156.100,2156.300,2156.100,2156.300
2024-03-20 04:00,2157.300,2185.900,2150.900,2157.900
2024-03-21 04:00,2207.000,2211.600,2182.400,2182.400
2024-03-22 04:00,2179.200,2179.600,2157.500,2158.100
2024-03-25 04:00,2166.200,2179.400,2166.200,2174.800
2024-03-26 04:00,2182.700,2182.700,2175.600,2175.600
2024-03-27 04:00,2179.400,2196.200,2172.100,2190.600
2024-03-28 04:00,2193.600,2234.100,2187.100,2217.400
2024-04-01 04:00,2235.700,2264.200,2230.000,2236.500
2024-04-02 04:00,2252.000,2279.200,2247.600,2261.000
2024-04-03 04:00,2281.700,2298.800,2267.900,2294.400
2024-04-04 04:00,2301.700,2302.900,2280.000,2288.800
2024-04-05 04:00,2289.200,2328.400,2267.400,2325.700
2024-04-08 04:00,2325.600,2341.800,2319.000,2331.700
2024-04-09 04:00,2337.800,2364.700,2337.800,2343.500
2024-04-10 04:00,2346.600,2358.100,2327.700,2329.600
2024-04-11 04:00,2341.500,2376.300,2330.600,2354.800
2024-04-12 04:00,2377.300,2429.000,2334.300,2356.200
2024-04-15 04:00,2362.100,2384.700,2326.000,2365.800
2024-04-16 04:00,2384.000,2390.800,2371.400,2390.800
2024-04-17 04:00,2384.200,2391.400,2369.300,2371.700
2024-04-18 04:00,2368.400,2384.400,2368.400,2382.300
2024-04-19 04:00,2379.300,2399.800,2377.300,2398.400
2024-04-22 04:00,2383.300,2383.300,2326.900,2332.200
2024-04-23 04:00,2327.700,2330.800,2294.200,2327.700
2024-04-24 04:00,2321.300,2328.700,2314.600,2324.500
2024-04-25 04:00,2315.000,2329.800,2305.000,2329.800
2024-04-26 04:00,2347.900,2347.900,2332.800,2334.800
2024-04-29 04:00,2334.800,2345.500,2327.900,2345.400
2024-04-30 04:00,2322.500,2322.500,2291.400,2291.400
2024-05-01 04:00,2287.700,2327.300,2283.800,2299.900
2024-05-02 04:00,2321.700,2324.700,2292.300,2299.200
2024-05-03 04:00,2300.000,2301.000,2277.600,2299.000
2024-05-06 04:00,2322.800,2325.500,2314.200,2321.600
2024-05-07 04:00,2324.300,2324.300,2315.200,2315.200
2024-05-08 04:00,2313.600,2313.600,2313.600,2313.600
2024-05-09 04:00,2310.700,2339.500,2310.700,2332.100
2024-05-10 04:00,2367.300,2367.300,2367.300,2367.300
2024-05-13 04:00,2358.300,2358.300,2336.100,2336.100
2024-05-14 04:00,2336.000,2358.000,2336.000,2353.400
2024-05-15 04:00,2361.600,2388.700,2356.000,2388.700
2024-05-16 04:00,2389.500,2392.200,2380.000,2380.000
2024-05-17 04:00,2380.700,2415.800,2380.700,2412.200
2024-05-20 04:00,2415.800,2435.800,2409.700,2433.900
2024-05-21 04:00,2429.500,2429.500,2421.000,2421.700
2024-05-22 04:00,2417.500,2417.600,2375.800,2389.200
2024-05-23 04:00,2371.200,2371.200,2335.000,2335.000
2024-05-24 04:00,2342.600,2345.400,2332.500,2332.500
2024-05-28 04:00,2336.900,2359.700,2336.900,2355.200
2024-05-29 04:00,2340.300,2340.300,2340.300,2340.300
2024-05-30 04:00,2336.900,2349.500,2320.800,2342.900
2024-05-31 04:00,2344.100,2354.000,2319.000,2322.900
2024-06-03 04:00,2322.600,2347.500,2312.000,2346.600
2024-06-04 04:00,2347.500,2347.700,2313.900,2325.500
2024-06-05 04:00,2326.400,2354.300,2326.200,2354.100
2024-06-06 04:00,2355.000,2375.800,2355.000,2370.300
2024-06-07 04:00,2379.900,2385.100,2285.400,2305.200
2024-06-10 04:00,2290.600,2309.300,2290.500,2307.700
2024-06-11 04:00,2300.000,2314.100,2300.000,2307.500
2024-06-12 04:00,2314.900,2338.700,2310.300,2336.000
2024-06-13 04:00,2309.400,2317.700,2296.200,2300.200
2024-06-14 04:00,2307.000,2331.400,2305.800,2331.400
2024-06-17 04:00,2320.200,2320.200,2309.600,2312.400
2024-06-18 04:00,2311.800,2330.400,2311.800,2330.400
2024-06-20 04:00,2328.900,2354.000,2328.300,2353.800
2024-06-21 04:00,2331.200,2331.200,2316.400,2316.400
2024-06-24 04:00,2323.300,2332.900,2322.700,2330.000
2024-06-25 04:00,2324.400,2333.000,2316.600,2316.600
2024-06-26 04:00,2307.900,2314.400,2298.000,2299.200
2024-06-27 04:00,2296.800,2329.000,2295.000,2324.500
2024-06-28 04:00,2325.400,2338.300,2319.000,2327.700
2024-07-01 04:00,2323.800,2329.700,2321.700,2327.600
2024-07-02 04:00,2330.700,2334.600,2323.000,2323.000
2024-07-03 13:30,2330.900,2361.600,2330.900,2359.800
2024-07-05 04:00,2354.900,2388.500,2354.900,2388.500
2024-07-08 04:00,2381.700,2383.800,2352.800,2355.200
2024-07-09 04:00,2363.100,2363.700,2360.100,2360.100
2024-07-10 04:00,2366.300,2377.000,2365.800,2372.200
2024-07-11 04:00,2378.700,2416.700,2378.700,2415.000
2024-07-12 04:00,2399.800,2414.000,2391.300,2414.000
2024-07-15 04:00,2430.000,2436.000,2422.900,2422.900
2024-07-16 04:00,2427.400,2462.400,2427.400,2462.400
2024-07-17 04:00,2472.900,2473.100,2454.800,2454.800
2024-07-18 04:00,2466.000,2466.000,2451.800,2451.800
2024-07-19 04:00,2418.800,2419.200,2395.500,2395.500
2024-07-22 04:00,2402.100,2402.100,2392.000,2392.000
2024-07-23 04:00,2395.800,2404.600,2388.700,2404.600
2024-07-24 04:00,2421.000,2421.000,2411.600,2413.300
2024-07-25 04:00,2365.500,2365.500,2351.900,2351.900
2024-07-26 04:00,2368.700,2386.900,2368.700,2380.000
2024-07-29 04:00,2377.300,2377.300,2377.300,2377.300
2024-07-30 04:00,2380.900,2409.300,2373.800,2405.000
2024-07-31 04:00,2407.100,2447.600,2402.800,2426.500
2024-08-01 04:00,2446.700,2455.100,2430.400,2435.000
2024-08-02 04:00,2444.000,2477.000,2416.000,2425.700
2024-08-05 04:00,2442.000,2449.800,2367.400,2401.700
2024-08-06 04:00,2414.500,2421.800,2380.000,2389.100
2024-08-07 04:00,2392.200,2401.000,2384.500,2390.500
2024-08-08 04:00,2384.300,2422.800,2384.300,2422.200
2024-08-09 04:00,2422.300,2432.100,2418.500,2432.100
2024-08-12 04:00,2432.700,2469.800,2432.000,2462.400
2024-08-13 04:00,2461.000,2470.000,2456.500,2466.700
2024-08-14 04:00,2468.000,2472.100,2439.400,2439.400
2024-08-15 04:00,2451.800,2467.700,2431.200,2453.100
2024-08-16 04:00,2453.500,2508.000,2451.400,2498.600
2024-08-19 04:00,2508.500,2508.500,2487.200,2501.800
2024-08-20 04:00,2503.500,2527.300,2500.700,2511.300
2024-08-21 04:00,2511.000,2515.400,2503.900,2508.400
2024-08-22 04:00,2504.100,2504.100,2471.100,2478.900
2024-08-23 04:00,2486.500,2508.400,2486.500,2508.400
2024-08-26 04:00,2509.900,2523.100,2509.100,2517.700
2024-08-27 04:00,2515.200,2523.100,2506.900,2516.000
2024-08-28 04:00,2501.000,2501.000,2501.000,2501.000
2024-08-29 04:00,2504.100,2525.700,2503.900,2525.700
2024-08-30 04:00,2519.500,2525.400,2493.800,2493.800
2024-09-03 04:00,2501.600,2501.800,2476.300,2489.900
2024-09-04 04:00,2490.900,2493.400,2483.500,2493.400
2024-09-05 04:00,2493.700,2513.300,2493.400,2511.400
2024-09-06 04:00,2510.300,2517.900,2483.700,2493.500
2024-09-09 04:00,2491.300,2504.700,2491.300,2501.800
2024-09-10 04:00,2512.300,2512.300,2512.300,2512.300
2024-09-11 04:00,2525.800,2525.800,2502.300,2512.100
2024-09-12 04:00,2529.100,2557.000,2523.400,2551.200
2024-09-13 04:00,2568.800,2581.800,2565.000,2581.300
2024-09-16 04:00,2580.400,2580.400,2580.400,2580.400
2024-09-17 04:00,2581.200,2581.800,2564.300,2564.300
2024-09-18 04:00,2570.700,2570.700,2549.200,2570.700
2024-09-19 04:00,2566.000,2588.000,2566.000,2588.000
2024-09-20 04:00,2590.400,2621.800,2590.400,2619.900
2024-09-23 04:00,2626.500,2626.500,2626.500,2626.500
2024-09-24 04:00,2636.800,2662.300,2625.500,2651.200
2024-09-25 04:00,2656.300,2664.200,2649.300,2659.200
2024-09-26 04:00,2662.300,2669.900,2660.800,2669.900
2024-09-27 04:00,2670.000,2672.100,2641.700,2644.300
2024-09-30 04:00,2660.900,2662.100,2623.200,2636.100
2024-10-01 04:00,2631.400,2670.900,2631.400,2667.300
2024-10-02 04:00,2650.600,2657.200,2640.000,2647.100
2024-10-03 04:00,2642.800,2657.100,2640.000,2657.100
2024-10-04 04:00,2656.000,2667.000,2639.000,2645.800
2024-10-07 04:00,2648.700,2657.400,2639.000,2644.800
2024-10-08 04:00,2639.000,2639.000,2609.300,2615.000
2024-10-09 04:00,2603.000,2607.700,2603.000,2606.000
2024-10-10 04:00,2602.500,2628.300,2602.500,2620.600
2024-10-11 04:00,2638.300,2658.100,2638.200,2657.600
2024-10-14 04:00,2655.000,2655.300,2647.800,2647.800
2024-10-15 04:00,2661.400,2661.400,2661.400,2661.400
2024-10-16 04:00,2674.000,2674.000,2674.000,2674.000
2024-10-17 04:00,2677.400,2691.700,2677.200,2691.000
2024-10-18 04:00,2713.700,2719.600,2713.700,2713.700
2024-10-21 04:00,2721.900,2738.400,2719.500,2723.100
2024-10-22 04:00,2731.700,2746.000,2728.600,2744.200
2024-10-23 04:00,2742.500,2742.500,2714.200,2714.400
2024-10-24 04:00,2729.000,2736.100,2729.000,2734.900
2024-10-25 04:00,2725.500,2742.400,2725.500,2740.900
2024-10-28 04:00,2736.100,2742.900,2729.500,2742.900
2024-10-29 04:00,2768.400,2768.400,2768.400,2768.400
2024-10-30 04:00,2774.600,2789.000,2774.600,2788.500
2024-10-31 04:00,2787.400,2787.500,2733.500,2738.300
2024-11-01 04:00,2745.500,2756.000,2734.200,2738.600
2024-11-04 05:00,2736.500,2737.100,2736.100,2736.100
2024-11-05 05:00,2743.000,2743.900,2740.300,2740.300
2024-11-06 05:00,2734.500,2734.500,2659.400,2667.600
2024-11-07 05:00,2662.500,2699.100,2662.500,2698.400
2024-11-08 05:00,2688.500,2694.600,2682.900,2687.500
2024-11-11 05:00,2671.700,2671.700,2611.200,2611.200
2024-11-12 05:00,2605.500,2605.500,2592.800,2600.000
2024-11-13 05:00,2611.100,2611.800,2580.800,2580.800
2024-11-14 05:00,2555.100,2576.200,2554.200,2568.200
2024-11-15 05:00,2565.700,2565.700,2565.700,2565.700
2024-11-18 05:00,2591.700,2610.700,2589.400,2610.600
2024-11-19 05:00,2621.900,2627.700,2619.300,2627.100
2024-11-20 05:00,2638.500,2648.200,2638.500,2648.200
2024-11-21 05:00,2659.300,2672.100,2655.700,2672.100
2024-11-22 05:00,2687.500,2710.500,2685.600,2709.900
2024-11-25 05:00,2689.400,2689.400,2616.800,2616.800
2024-11-26 05:00,2625.600,2625.600,2620.300,2620.300
2024-11-27 05:00,2633.500,2657.900,2627.200,2639.900
2024-11-29 14:30,2636.400,2664.300,2620.700,2657.000
2024-12-02 05:00,2649.000,2649.800,2621.700,2634.900
2024-12-03 05:00,2639.000,2654.700,2636.000,2644.700
2024-12-04 05:00,2639.200,2658.300,2637.000,2653.800
2024-12-05 05:00,2652.400,2655.000,2625.700,2626.600
2024-12-06 05:00,2620.200,2643.100,2617.500,2638.600
2024-12-09 05:00,2632.100,2677.100,2630.800,2664.900
2024-12-10 05:00,2662.300,2698.200,2661.000,2697.600
2024-12-11 05:00,2701.800,2733.800,2693.100,2733.800
2024-12-12 05:00,2725.100,2725.100,2677.400,2687.500
2024-12-13 05:00,2688.200,2689.300,2647.900,2656.000
2024-12-16 05:00,2658.300,2663.300,2651.000,2651.400
2024-12-17 05:00,2651.800,2652.300,2632.500,2644.400
2024-12-18 05:00,2644.300,2647.100,2590.200,2636.500
2024-12-19 05:00,2582.100,2610.300,2582.100,2592.200
2024-12-20 05:00,2605.300,2631.600,2604.900,2628.700
2024-12-23 05:00,2620.000,2627.700,2611.100,2612.300
2024-12-24 14:30,2613.000,2620.000,2609.500,2620.000
2024-12-26 05:00,2628.500,2638.800,2627.900,2638.800
2024-12-27 05:00,2617.700,2617.700,2616.400,2617.200
2024-12-30 05:00,2620.700,2626.900,2597.000,2606.100
2024-12-31 05:00,2608.400,2629.200,2604.900,2629.200
2025-01-02 05:00,2633.000,2663.100,2633.000,2658.900
2025-01-03 05:00,2658.700,2658.700,2641.800,2645.000
2025-01-06 05:00,2645.500,2647.000,2617.300,2638.400
2025-01-07 05:00,2653.400,2657.500,2653.000,2656.700
2025-01-08 05:00,2655.500,2676.900,2653.500,2664.500
2025-01-09 05:00,2669.700,2686.300,2667.900,2683.800
2025-01-10 05:00,2686.100,2720.100,2683.700,2708.500
2025-01-13 05:00,2711.100,2711.200,2673.500,2673.500
2025-01-14 05:00,2673.600,2688.300,2670.800,2677.500
2025-01-15 05:00,2690.800,2712.500,2690.800,2712.500
2025-01-16 05:00,2731.700,2749.800,2731.700,2746.400
2025-01-17 05:00,2736.000,2751.600,2725.500,2744.300
2025-01-21 05:00,2746.000,2755.000,2724.800,2755.000
2025-01-22 05:00,2754.500,2768.800,2753.500,2767.600
2025-01-23 05:00,2760.000,2765.000,2745.400,2763.100
2025-01-24 05:00,2759.800,2792.000,2759.800,2777.300
2025-01-27 05:00,2761.100,2762.200,2737.500,2737.500
2025-01-28 05:00,2738.000,2766.800,2738.000,2766.800
2025-01-29 05:00,2769.100,2769.100,2769.100,2769.100
2025-01-30 05:00,2772.500,2829.500,2770.000,2823.000
2025-01-31 05:00,2829.000,2838.000,2804.000,2812.500
2025-02-03 05:00,2818.200,2848.400,2780.900,2833.900
2025-02-04 05:00,2827.600,2853.300,2816.100,2853.300
2025-02-05 05:00,2850.000,2880.500,2848.000,2871.600
2025-02-06 05:00,2865.200,2871.700,2836.300,2856.000
2025-02-07 05:00,2859.900,2889.500,2857.800,2867.300
2025-02-10 05:00,2864.200,2916.100,2863.800,2914.300
2025-02-11 05:00,2925.500,2945.400,2890.000,2912.500
2025-02-12 05:00,2902.000,2912.300,2868.600,2909.000
2025-02-13 05:00,2911.300,2937.700,2910.600,2925.900
2025-02-14 05:00,2937.300,2944.400,2874.800,2883.600
2025-02-18 05:00,2879.200,2936.400,2873.800,2931.600
2025-02-19 05:00,2938.700,2946.000,2917.100,2919.400
2025-02-20 05:00,2949.100,2955.800,2924.200,2940.000
2025-02-21 05:00,2938.800,2940.000,2917.300,2937.600
2025-02-24 05:00,2933.100,2957.900,2933.100,2947.900
2025-02-25 05:00,2938.700,2943.200,2890.000,2904.500
2025-02-26 05:00,2913.500,2917.000,2913.000,2916.800
2025-02-27 05:00,2918.500,2922.800,2870.400,2883.200
2025-02-28 05:00,2877.100,2877.100,2834.100,2836.800
2025-03-03 05:00,2872.700,2891.800,2863.400,2890.200
2025-03-04 05:00,2886.100,2927.900,2886.100,2909.600
2025-03-05 05:00,2916.700,2922.000,2893.000,2915.300
2025-03-06 05:00,2904.000,2918.600,2903.800,2916.600
2025-03-07 05:00,2900.900,2927.300,2900.500,2904.700
2025-03-10 04:00,2910.100,2915.100,2880.200,2891.000
2025-03-11 04:00,2884.400,2916.700,2880.400,2912.900
2025-03-12 04:00,2912.000,2939.100,2910.000,2939.100
2025-03-13 04:00,2937.100,2988.000,2935.200,2984.300
2025-03-14 04:00,2994.400,3004.800,2986.000,2994.500
2025-03-17 04:00,2991.000,3001.500,2989.000,3000.000
2025-03-18 04:00,3006.400,3039.200,3004.400,3035.100
2025-03-19 04:00,3035.200,3050.900,3030.900,3035.900
2025-03-20 04:00,3047.300,3047.300,3034.400,3040.000
2025-03-21 04:00,3034.500,3037.500,3000.900,3018.200
2025-03-24 04:00,3024.300,3024.300,3006.000,3013.100
2025-03-25 04:00,3026.400,3028.800,3023.700,3023.700
2025-03-26 04:00,3033.200,3033.200,3019.500,3020.900
2025-03-27 04:00,3025.500,3065.000,3025.500,3060.200
2025-03-28 04:00,3069.700,3094.900,3066.800,3086.500
2025-03-31 04:00,3091.000,3132.500,3086.000,3122.800
2025-04-01 04:00,3129.700,3149.500,3104.000,3118.900
2025-04-02 04:00,3120.700,3168.600,3117.400,3139.900
2025-04-03 04:00,3150.000,3166.900,3052.000,3097.000
2025-04-04 04:00,3110.500,3127.700,3011.000,3012.000
2025-04-07 04:00,3016.400,3050.800,2949.700,2951.300
2025-04-08 04:00,2994.000,3014.500,2968.400,2968.400
2025-04-09 04:00,2965.800,3090.400,2965.800,3056.500
2025-04-10 04:00,3073.900,3167.000,3072.100,3155.200
2025-04-11 04:00,3182.100,3235.000,3182.100,3222.200
2025-04-14 04:00,3215.500,3228.800,3194.500,3204.800
2025-04-15 04:00,3216.000,3218.700,3214.000,3218.700
2025-04-16 04:00,3238.300,3334.900,3238.300,3326.600
2025-04-17 04:00,3345.000,3345.000,3287.800,3308.700
2025-04-21 04:00,3342.200,3418.500,3342.200,3406.200
2025-04-22 04:00,3422.200,3485.600,3361.700,3400.800
2025-04-23 04:00,3321.200,3370.300,3256.200,3276.300
2025-04-24 04:00,3305.400,3353.900,3304.900,3332.000
2025-04-25 04:00,3355.500,3355.500,3266.100,3282.400
2025-04-28 04:00,3284.500,3332.500,3284.500,3332.500
2025-04-29 04:00,3340.000,3340.000,3299.900,3318.800
2025-04-30 04:00,3318.700,3318.700,3268.000,3305.000
2025-05-01 04:00,3272.900,3275.000,3198.600,3210.000
2025-05-02 04:00,3239.900,3257.000,3225.000,3231.900
2025-05-05 04:00,3242.700,3315.700,3239.700,3311.300
2025-05-06 04:00,3365.500,3430.900,3356.800,3411.400
2025-05-07 04:00,3418.700,3418.700,3364.700,3381.400
2025-05-08 04:00,3390.000,3390.000,3288.700,3296.600
2025-05-09 04:00,3299.000,3335.500,3299.000,3335.400
2025-05-12 04:00,3300.700,3300.700,3205.000,3220.000
2025-05-13 04:00,3232.000,3251.400,3223.500,3240.300
2025-05-14 04:00,3233.000,3233.000,3171.700,3181.400
2025-05-15 04:00,3151.000,3228.100,3125.000,3220.700
2025-05-16 04:00,3227.700,3228.100,3173.900,3182.000
2025-05-19 04:00,3234.400,3241.000,3228.300,3228.900
2025-05-20 04:00,3219.000,3293.200,3207.500,3280.300
2025-05-21 04:00,3293.400,3317.500,3290.200,3309.300
2025-05-22 04:00,3327.300,3328.000,3282.700,3292.300
2025-05-23 04:00,3328.000,3363.600,3323.500,3363.600
2025-05-27 04:00,3332.500,3341.000,3296.300,3299.100
2025-05-28 04:00,3293.600,3293.600,3293.600,3293.600
2025-05-29 04:00,3283.700,3328.800,3242.400,3317.100
2025-05-30 04:00,3315.100,3318.000,3270.900,3288.900
2025-06-02 04:00,3296.900,3380.800,3296.900,3370.600
2025-06-03 04:00,3385.100,3390.000,3331.300,3350.200
2025-06-04 04:00,3355.000,3380.000,3344.000,3373.500
2025-06-05 04:00,3371.500,3400.000,3343.700,3350.700
2025-06-06 04:00,3364.300,3364.300,3306.000,3322.700
2025-06-09 04:00,3315.600,3334.600,3290.000,3332.100
2025-06-10 04:00,3302.000,3344.300,3302.000,3320.900
2025-06-11 04:00,3328.000,3356.000,3321.300,3321.300
2025-06-12 04:00,3363.000,3395.900,3353.400,3380.900
2025-06-13 04:00,3407.300,3444.000,3407.300,3431.200
2025-06-16 04:00,3442.000,3442.000,3385.400,3396.400
2025-06-17 04:00,3398.300,3398.300,3376.100,3386.600
2025-06-18 04:00,3385.300,3391.900,3365.100,3389.800
2025-06-20 04:00,3350.000,3372.900,3341.000,3368.100
2025-06-23 04:00,3365.900,3387.900,3350.000,3377.700
2025-06-24 04:00,3358.000,3358.000,3301.000,3317.400
2025-06-25 04:00,3321.600,3331.200,3310.600,3327.100
2025-06-26 04:00,3332.400,3333.500,3332.400,3333.500
2025-06-27 04:00,3318.700,3318.700,3253.800,3273.700
2025-06-30 04:00,3265.900,3306.900,3262.000,3294.400
2025-07-01 04:00,3310.100,3354.100,3310.100,3336.700
2025-07-02 04:00,3329.000,3357.500,3329.000,3348.000
2025-07-03 13:30,3362.000,3362.000,3322.300,3331.600
2025-07-04 04:00,3342.000,3342.000,3332.500,3332.500
2025-07-07 04:00,3305.500,3333.300,3299.200,3332.200
2025-07-08 04:00,3330.400,3334.500,3287.600,3307.000
2025-07-09 04:00,3289.400,3314.000,3282.000,3311.600
2025-07-10 04:00,3323.600,3330.500,3311.600,3317.400
2025-07-11 04:00,3330.500,3370.000,3330.500,3356.000
2025-07-14 04:00,3367.000,3375.500,3350.000,3351.500
2025-07-15 04:00,3341.000,3341.000,3329.800,3329.800
2025-07-16 04:00,3341.200,3352.900,3329.500,3352.500
2025-07-17 04:00,3313.800,3340.800,3313.800,3340.100
2025-07-18 04:00,3338.200,3353.000,3338.200,3353.000
2025-07-21 04:00,3350.300,3411.700,3350.300,3401.900
2025-07-22 04:00,3411.000,3441.000,3395.600,3439.200
2025-07-23 04:00,3430.300,3433.900,3388.100,3394.100
2025-07-24 04:00,3367.000,3371.000,3367.000,3371.000
2025-07-25 04:00,3344.000,3345.000,3326.500,3334.000
2025-07-28 04:00,3326.600,3326.800,3309.100,3309.100
2025-07-29 04:00,3323.400,3323.400,3323.400,3323.400
2025-07-30 04:00,3325.800,3331.800,3263.900,3295.800
2025-07-31 04:00,3272.900,3312.000,3272.900,3293.200
2025-08-01 04:00,3286.200,3360.600,3281.000,3347.700
2025-08-04 04:00,3367.600,3386.500,3347.400,3374.400
2025-08-05 04:00,3378.500,3387.200,3351.200,3381.900
2025-08-06 04:00,3380.700,3383.300,3361.300,3380.000
2025-08-07 04:00,3384.900,3422.900,3384.900,3400.300
2025-08-08 04:00,3438.800,3477.000,3402.500,3439.100
2025-08-11 04:00,3383.900,3383.900,3349.200,3353.100
2025-08-12 04:00,3356.200,3356.200,3330.100,3348.900
2025-08-13 04:00,3358.800,3363.400,3358.700,3358.700
2025-08-14 04:00,3346.800,3356.000,3328.900,3335.200
2025-08-15 04:00,3346.800,3346.800,3335.900,3336.000
2025-08-18 04:00,3333.500,3347.800,3331.700,3331.700
2025-08-19 04:00,3330.200,3343.500,3313.400,3313.400
2025-08-20 04:00,3310.600,3343.500,3310.100,3343.400
2025-08-21 04:00,3349.400,3349.400,3326.500,3336.900
2025-08-22 04:00,3349.400,3377.700,3349.400,3374.400
2025-08-25 04:00,3366.000,3378.000,3366.000,3373.800
2025-08-26 04:00,3378.900,3396.500,3371.100,3388.600
2025-08-27 04:00,3397.000,3404.600,3382.000,3404.600
2025-08-28 04:00,3409.000,3434.600,3400.000,3431.800
2025-08-29 04:00,3432.500,3475.600,3426.600,3473.700
2025-09-02 04:00,3485.700,3559.200,3485.700,3549.400
2025-09-03 04:00,3554.800,3593.700,3553.200,3593.200
2025-09-04 04:00,3549.900,3573.600,3549.900,3565.800
2025-09-05 04:00,3567.800,3613.200,3567.800,3613.200
2025-09-08 04:00,3594.500,3641.000,3590.000,3638.100
2025-09-09 04:00,3647.100,3670.400,3627.800,3643.300
2025-09-10 04:00,3625.000,3655.400,3620.800,3643.600
2025-09-11 04:00,3632.900,3636.900,3618.400,3636.900
2025-09-12 04:00,3655.500,3656.800,3643.000,3649.400
2025-09-15 04:00,3640.000,3686.400,3635.100,3682.200
2025-09-16 04:00,3681.400,3698.600,3681.400,3688.900
2025-09-17 04:00,3669.000,3685.200,3661.600,3681.800
2025-09-18 04:00,3654.600,3667.400,3637.000,3643.700
2025-09-19 04:00,3659.000,3685.900,3658.200,3671.500
2025-09-22 04:00,3688.200,3748.200,3688.000,3740.700
2025-09-23 04:00,3747.000,3786.000,3740.000,3780.600
2025-09-24 04:00,3769.800,3772.500,3732.100,3732.100
2025-09-25 04:00,3742.800,3756.000,3724.700,3736.900
2025-09-26 04:00,3775.300,3775.300,3775.300,3775.300
2025-09-29 04:00,3754.800,3827.600,3754.800,3820.900
2025-09-30 04:00,3827.500,3865.500,3793.400,3840.800
2025-10-01 04:00,3863.500,3891.900,3853.300,3867.500
2025-10-02 04:00,3856.200,3888.600,3823.700,3839.700
2025-10-03 04:00,3855.200,3886.800,3853.700,3880.800
2025-10-06 04:00,3931.300,3960.000,3926.800,3948.500
2025-10-07 04:00,3959.400,3981.500,3940.000,3976.600
2025-10-08 04:00,3987.200,4049.200,3987.200,4043.300
2025-10-09 04:00,4011.200,4046.200,3940.000,3946.300
2025-10-10 04:00,3957.000,4012.000,3945.500,3975.900
2025-10-13 04:00,4016.000,4111.000,4016.000,4108.600
2025-10-14 04:00,4131.700,4160.100,4085.800,4138.700
2025-10-15 04:00,4145.000,4210.600,4145.000,4176.900
2025-10-16 04:00,4198.800,4307.000,4196.600,4280.200
2025-10-17 04:00,4354.700,4358.000,4182.200,4189.900
2025-10-20 04:00,4244.100,4356.600,4214.600,4336.400
2025-10-21 04:00,4332.700,4332.700,4087.700,4087.700
2025-10-22 04:00,4109.700,4148.500,4006.000,4044.400
2025-10-23 04:00,4078.400,4136.800,4070.700,4125.500
2025-10-24 04:00,4117.500,4120.600,4074.900,4118.400
2025-10-27 04:00,4060.000,4078.600,3971.300,4001.900
2025-10-28 04:00,3929.700,3966.200,3923.600,3966.200
2025-10-29 04:00,3983.700,3983.700,3983.700,3983.700
2025-10-30 04:00,3960.000,4027.200,3913.700,4001.300
2025-10-31 04:00,4034.500,4034.500,3976.600,3982.200
2025-11-03 05:00,3976.200,4020.000,3959.000,4000.300
2025-11-04 05:00,3994.200,3995.400,3927.400,3947.700
2025-11-05 05:00,3929.900,3983.500,3929.900,3980.300
2025-11-06 05:00,4004.000,4007.500,3979.900,3979.900
2025-11-07 05:00,3980.800,3999.400,3980.800,3999.400
2025-11-10 05:00,4060.000,4111.800,4060.000,4111.800
2025-11-11 05:00,4140.100,4140.100,4106.800,4106.800
2025-11-12 05:00,4115.600,4204.400,4102.900,4204.400
2025-11-13 05:00,4228.700,4228.700,4163.700,4186.900
2025-11-14 05:00,4197.700,4197.900,4047.000,4087.600
2025-11-17 05:00,4070.000,4099.500,4019.400,4068.300
2025-11-18 05:00,4037.400,4063.400,4035.600,4061.300
2025-11-19 05:00,4086.100,4122.700,4072.000,4077.700
2025-11-20 05:00,4045.000,4090.400,4040.200,4056.500
2025-11-21 05:00,4031.800,4085.200,4031.800,4076.700
2025-11-24 05:00,4060.500,4091.900,4060.500,4091.900
2025-11-25 05:00,4139.200,4139.200,4139.200,4139.200
2025-11-26 05:00,4128.600,4171.000,4127.500,4165.200
2025-11-28 14:30,4163.400,4223.900,4140.000,4218.300
2025-12-01 05:00,4218.500,4262.100,4214.900,4239.300
2025-12-02 05:00,4230.500,4230.500,4167.000,4186.600
2025-12-03 05:00,4215.700,4234.100,4195.700,4199.300
2025-12-04 05:00,4211.000,4211.800,4175.000,4211.800
2025-12-05 05:00,4204.100,4255.700,4194.500,4212.900
2025-12-08 05:00,4205.500,4215.800,4175.500,4187.200
2025-12-09 05:00,4190.700,4219.700,4177.700,4206.700
2025-12-10 05:00,4209.000,4234.500,4183.600,4196.400
2025-12-11 05:00,4224.000,4286.900,4214.300,4285.500
2025-12-12 05:00,4276.400,4355.000,4260.000,4300.100
2025-12-15 05:00,4308.300,4349.200,4292.900,4306.700
2025-12-16 05:00,4270.500,4321.400,4270.500,4304.500
2025-12-17 05:00,4308.500,4351.400,4308.500,4347.500
2025-12-18 05:00,4331.000,4348.100,4328.200,4339.500
2025-12-19 05:00,4350.100,4361.400,4350.100,4361.400
2025-12-22 05:00,4371.100,4447.600,4371.100,4444.600
2025-12-23 05:00,4503.300,4503.800,4450.400,4482.800
2025-12-24 14:30,4500.700,4503.400,4468.400,4480.600
2025-12-26 05:00,4512.000,4556.300,4502.000,4529.100
2025-12-29 05:00,4371.500,4379.000,4325.100,4325.100
2025-12-30 05:00,4346.400,4403.600,4338.000,4370.100
2025-12-31 05:00,4333.500,4363.800,4285.000,4325.600
2026-01-02 05:00,4350.600,4350.600,4314.400,4314.400
2026-01-05 05:00,4386.700,4443.500,4384.800,4436.900
2026-01-06 05:00,4449.700,4482.200,4449.000,4482.200
2026-01-07 05:00,4450.000,4450.000,4449.300,4449.300
2026-01-08 05:00,4460.200,4461.300,4418.000,4449.700
2026-01-09 05:00,4473.000,4490.300,4473.000,4490.300
2026-01-12 05:00,4579.100,4620.000,4577.800,4604.300
2026-01-13 05:00,4578.600,4617.100,4578.600,4589.200
2026-01-14 05:00,4610.300,4635.000,4608.200,4626.300
2026-01-15 05:00,4612.900,4616.300,4612.900,4616.300
2026-01-16 05:00,4608.000,4608.000,4588.400,4588.400
2026-01-20 05:00,4662.200,4764.000,4661.800,4759.600
2026-01-21 05:00,4863.500,4872.300,4771.500,4831.800
2026-01-22 05:00,4791.900,4908.800,4791.900,4908.800
2026-01-23 05:00,4949.600,4976.200,4936.000,4976.200
2026-01-26 05:00,5081.500,5095.600,5052.200,5079.700
2026-01-27 05:00,5079.900,5079.900,5079.900,5079.900
2026-01-28 05:00,5301.600,5301.600,5301.600,5301.600
2026-01-29 05:00,5415.700,5586.200,5097.500,5318.400
2026-01-30 05:00,5376.400,5440.500,4700.000,4713.900
2026-02-02 05:00,4807.700,4855.800,4400.000,4622.500
2026-02-03 05:00,4680.000,4984.600,4674.300,4903.700
2026-02-04 05:00,4923.300,5082.200,4897.900,4920.400
2026-02-05 05:00,5008.700,5012.300,4786.000,4861.400
2026-02-06 05:00,4762.000,4958.500,4655.000,4951.200
2026-02-09 05:00,5017.400,5065.700,4979.100,5050.900
2026-02-10 05:00,5013.500,5029.000,5002.700,5003.800
2026-02-11 05:00,5049.900,5111.300,5041.300,5071.600
2026-02-12 05:00,5060.400,5078.100,4892.000,4923.700
2026-02-13 05:00,4953.000,5043.900,4946.200,5022.000
2026-02-17 05:00,5020.000,5020.000,4847.800,4882.900
2026-02-18 05:00,4872.200,4987.000,4869.500,4986.500
2026-02-19 05:00,5014.700,5014.700,4975.900,4975.900
2026-02-20 05:00,5039.500,5072.700,5039.500,5059.300
2026-02-23 05:00,5120.300,5211.600,5120.300,5204.700
2026-02-24 05:00,5158.800,5159.000,5112.700,5155.800
2026-02-25 05:00,5166.000,5206.400,5166.000,5206.400
2026-02-26 05:00,5177.200,5199.200,5143.900,5176.500
2026-02-27 05:00,5186.700,5280.000,5176.700,5230.500
2026-03-02 05:00,5346.600,5405.000,5266.300,5294.400
2026-03-03 05:00,5298.700,5303.800,5023.000,5107.400
2026-03-04 05:00,5130.700,5180.200,5117.200,5120.200
2026-03-05 05:00,5169.500,5169.500,5054.700,5065.300
2026-03-06 05:00,5121.000,5146.100,5076.100,5146.100
2026-03-09 04:00,5155.000,5160.600,5077.700,5091.500
2026-03-10 04:00,5138.200,5229.700,5137.600,5229.700
2026-03-11 04:00,5190.800,5191.300,5167.400,5167.400
2026-03-12 04:00,5137.200,5137.200,5115.800,5115.800
2026-03-13 04:00,5089.600,5117.000,5009.500,5052.500
2026-03-16 04:00,5001.600,5010.600,4994.000,4994.000
2026-03-17 04:00,5017.600,5017.600,4994.200,5001.000
2026-03-18 04:00,4949.600,4949.600,4821.700,4889.900
2026-03-19 04:00,4830.300,4830.300,4554.000,4600.700
2026-03-20 04:00,4686.900,4686.900,4570.400,4570.400
2026-03-23 04:00,4353.000,4480.400,4100.800,4404.100
2026-03-24 04:00,4338.700,4399.300,4325.200,4399.300
2026-03-25 04:00,4549.000,4551.900,4541.800,4549.800
2026-03-26 04:00,4441.500,4443.100,4375.500,4375.500
2026-03-27 04:00,4492.000,4492.000,4492.000,4492.000
2026-03-30 04:00,4482.800,4579.100,4413.400,4526.000
2026-03-31 04:00,4510.000,4684.100,4508.600,4647.600
2026-04-01 04:00,4668.400,4789.100,4668.000,4783.200
2026-04-02 04:00,4764.900,4784.400,4558.900,4651.500
2026-04-06 04:00,4656.100,4689.600,4605.000,4656.800
2026-04-07 04:00,4624.900,4676.300,4608.000,4657.100
2026-04-08 04:00,4760.000,4851.000,4738.800,4749.500
2026-04-09 04:00,4711.000,4799.100,4711.000,4792.200
2026-04-10 04:00,4745.900,4791.000,4744.900,4761.900
2026-04-13 04:00,4704.000,4742.400,4704.000,4742.400
2026-04-14 04:00,4770.100,4841.600,4770.100,4825.000
2026-04-15 04:00,4843.600,4843.600,4798.000,4800.000
2026-04-16 04:00,4810.900,4810.900,4785.400,4785.400
2026-04-17 04:00,4771.600,4879.700,4767.200,4857.600
2026-04-20 04:00,4793.900,4811.000,4770.000,4806.600
2026-04-21 04:00,4698.400,4705.000,4676.400,4698.400
2026-04-22 04:00,4754.200,4754.200,4732.500,4732.500
2026-04-23 04:00,4711.500,4732.400,4705.100,4705.100
2026-04-24 04:00,4695.000,4722.300,4657.500,4722.300
2026-04-27 04:00,4707.600,4711.100,4675.400,4675.400
2026-04-28 04:00,4680.900,4680.900,4591.500,4591.500
2026-04-29 04:00,4598.600,4601.600,4515.700,4545.200
2026-04-30 04:00,4561.900,4636.700,4561.900,4614.700
2026-05-01 04:00,4636.700,4636.700,4581.700,4629.900
2026-05-04 04:00,4581.200,4581.200,4512.700,4519.500
2026-05-05 04:00,4547.600,4580.500,4547.600,4555.800
2026-05-06 04:00,4663.600,4712.600,4663.600,4681.900
2026-05-07 04:00,4704.800,4736.200,4699.800,4699.800
2026-05-08 04:00,4714.400,4724.800,4713.600,4720.400
2026-05-11 04:00,4729.500,4729.500,4718.700,4718.700
2026-05-12 04:00,4762.200,4765.200,4677.600,4677.600
2026-05-13 04:00,4722.700,4722.700,4679.500,4697.700
2026-05-14 04:00,4678.100,4678.100,4650.300,4678.100
2026-05-15 04:00,4615.200,4615.200,4524.300,4555.800
2026-05-18 04:00,4563.000,4570.300,4538.700,4552.500
2026-05-19 04:00,4551.700,4552.600,4506.200,4506.300
2026-05-20 04:00,4502.600,4531.300,4465.100,4531.300
2026-05-21 04:00,4507.200,4539.800,4503.800,4539.800
2026-05-22 04:00,4519.500,4530.300,4519.100,4521.000
2026-05-26 04:00,4572.800,4572.800,4500.400,4500.400
2026-05-27 04:00,4439.700,4447.500,4439.700,4447.500
2026-05-28 04:00,4453.600,4512.600,4363.500,4499.300
2026-05-29 04:00,4494.000,4591.800,4487.900,4560.500
2026-06-01 04:00,4523.500,4541.400,4449.700,4475.200
2026-06-02 04:00,4488.000,4529.500,4474.200,4489.100
2026-06-03 04:00,4471.200,4471.700,4427.200,4436.700
2026-06-04 04:00,4447.400,4509.900,4447.400,4475.800
2026-06-05 04:00,4472.300,4472.300,4319.100,4337.100
2026-06-08 04:00,4324.200,4340.900,4284.600,4335.900
2026-06-09 04:00,4332.800,4344.500,4240.200,4260.000
2026-06-10 04:00,4200.000,4206.700,4100.000,4108.200
2026-06-11 04:00,4042.900,4209.800,4031.000,4090.300
2026-06-12 04:00,4208.300,4225.300,4173.200,4215.000
2026-06-15 04:00,4271.200,4362.000,4269.100,4328.000
2026-06-16 04:00,4309.500,4345.800,4309.500,4330.900
2026-06-17 04:00,4339.000,4377.000,4296.000,4358.900
2026-06-18 04:00,4279.800,4323.200,4223.700,4224.100
2026-06-22 04:00,4138.800,4216.400,4134.800,4181.900
2026-06-23 04:00,4127.100,4135.200,4118.500,4129.900
2026-06-24 04:00,4104.400,4104.700,3963.300,3990.300
2026-06-25 04:00,3988.400,4030.500,3986.700,4030.500
2026-06-26 04:00,4078.700,4078.700,4078.700,4078.700
2026-06-29 04:00,4057.500,4070.000,4003.200,4022.300
2026-06-30 04:00,4002.600,4049.700,3962.500,4022.900
2026-07-01 04:00,4013.100,4100.000,3963.000,4068.300
2026-07-02 04:00,4067.500,4140.100,4062.000,4112.700
2026-07-06 04:00,4175.400,4199.700,4134.200,4155.100
2026-07-07 04:00,4126.500,4167.200,4107.200,4145.300
2026-07-08 04:00,4116.300,4120.300,4053.000,4070.900
2026-07-09 04:00,4066.400,4130.600,4064.200,4130.600
2026-07-10 04:00,4122.300,4125.800,4090.600,4104.100
2026-07-13 04:00,4081.000,4081.000,3985.900,3997.000
2026-07-14 04:00,3995.700,4091.200,3986.500,4061.100
2026-07-15 04:00,4049.100,4070.100,4019.400,4044.000
2026-07-16 04:00,4030.500,4030.500,3972.600,3985.600
2026-07-17 04:00,3975.500,4017.200,3964.200,4012.700
2026-07-20 04:00,4003.400,4018.900,4002.700,4010.300
2026-07-21 04:00,4002.100,4071.100,3999.700,4071.100
2026-07-22 04:00,4096.200,4152.100,4096.200,4146.900
2026-07-23 04:00,4129.900,4130.900,4046.600,4046.600
2026-07-24 04:00,4067.600,4068.000,4067.600,4067.600
2026-07-27 04:00,4090.100,4107.900,4072.700,4074.500
2026-07-28 04:00,4025.700,4036.300,4025.700,4036.300
2026-07-29 04:00,4018.100,4034.700,4017.900,4034.700
2026-07-30 04:00,4060.700,4118.500,4028.500,4100.100
2026-07-31 04:00,4102.400,4102.400,4022.400,4049.100
2026-08-03 04:00,4083.400,4083.500,4026.500,4033.700
2026-08-04 04:00,4050.500,4095.400,4048.800,4095.400
2026-08-05 04:00,4130.000,4262.200,4129.500,4245.800
2026-08-06 04:00,4297.000,4297.000,4228.000,4242.000
2026-08-07 04:00,4277.000,4371.500,4274.000,4340.700
2026-08-10 04:00,4336.100,4390.100,4336.100,4361.800
2026-08-11 04:00,4408.600,4408.600,4365.100,4383.000
2026-08-12 04:00,4406.500,4434.000,4406.300,4408.900
2026-08-13 04:00,4403.500,4445.000,4350.000,4363.600
2026-08-14 04:00,4322.100,4397.100,4315.000,4380.400
2026-08-17 04:00,4394.800,4428.500,4386.500,4417.800
2026-08-18 04:00,4415.200,4434.100,4330.700,4366.000
2026-08-19 04:00,4339.800,4524.100,4327.600,4489.400
2026-08-20 04:00,4506.800,4530.000,4486.000,4516.300
2026-08-21 04:00,4560.000,4624.100,4560.000,4624.100
2026-08-24 04:00,4638.000,4670.900,4635.100,4640.800
2026-08-25 04:00,4630.500,4638.100,4626.200,4638.100
2026-08-26 04:00,4615.300,4615.300,4598.200,4598.200
2026-08-27 04:00,4609.700,4609.700,4609.700,4609.700
2026-08-28 04:00,4599.300,4625.500,4451.800,4478.100
2026-08-31 04:00,4430.000,4466.900,4410.900,4431.100
2026-09-01 04:00,4402.000,4402.000,4329.100,4348.000
2026-09-02 04:00,4328.000,4390.200,4292.200,4366.300
2026-09-03 04:00,4426.300,4510.000,4426.000,4491.700
2026-09-04 04:00,4429.800,4429.800,4429.800,4429.800
