time,open,high,low,close
2026-06-22 23:00,161.573,161.589,161.545,161.570
2026-06-23 00:00,161.570,161.634,161.515,161.582
2026-06-23 01:00,161.572,161.608,161.547,161.590
2026-06-23 02:00,161.584,161.598,161.517,161.576
2026-06-23 03:00,161.576,161.607,161.532,161.548
2026-06-23 04:00,161.548,161.615,161.543,161.611
2026-06-23 05:00,161.604,161.687,161.584,161.652
2026-06-23 06:00,161.648,161.741,161.632,161.638
2026-06-23 07:00,161.637,161.661,161.309,161.458
2026-06-23 08:00,161.460,161.485,161.263,161.436
2026-06-23 09:00,161.429,161.469,161.334,161.385
2026-06-23 10:00,161.383,161.480,161.345,161.454
2026-06-23 11:00,161.447,161.617,161.423,161.585
2026-06-23 12:00,161.584,161.608,161.438,161.558
2026-06-23 13:00,161.550,161.581,161.442,161.518
2026-06-23 14:00,161.518,161.586,161.481,161.544
2026-06-23 15:00,161.538,161.587,161.497,161.544
2026-06-23 16:00,161.544,161.600,161.532,161.598
2026-06-23 17:00,161.589,161.621,161.535,161.554
2026-06-23 18:00,161.549,161.596,161.534,161.562
2026-06-23 19:00,161.563,161.574,161.507,161.570
2026-06-23 20:00,161.568,161.611,161.508,161.550
2026-06-23 21:00,161.482,161.553,161.465,161.502
2026-06-23 22:00,161.503,161.607,161.491,161.554
2026-06-23 23:00,161.558,161.609,161.521,161.602
2026-06-24 00:00,161.595,161.636,161.542,161.625
2026-06-24 01:00,161.619,161.628,161.543,161.564
2026-06-24 02:00,161.563,161.588,161.527,161.541
2026-06-24 03:00,161.545,161.604,161.538,161.544
2026-06-24 04:00,161.546,161.565,161.523,161.550
2026-06-24 05:00,161.550,161.618,161.535,161.608
2026-06-24 06:00,161.602,161.718,161.573,161.704
2026-06-24 07:00,161.710,161.740,161.657,161.725
2026-06-24 08:00,161.710,161.757,161.675,161.749
2026-06-24 09:00,161.751,161.781,161.704,161.743
2026-06-24 10:00,161.733,161.752,161.674,161.683
2026-06-24 11:00,161.684,161.718,161.618,161.655
2026-06-24 12:00,161.647,161.753,161.629,161.748
2026-06-24 13:00,161.748,161.766,161.695,161.748
2026-06-24 14:00,161.746,161.817,161.698,161.782
2026-06-24 15:00,161.782,161.813,161.727,161.751
2026-06-24 16:00,161.751,161.771,161.684,161.753
2026-06-24 17:00,161.753,161.822,161.728,161.810
2026-06-24 18:00,161.810,161.830,161.755,161.756
2026-06-24 19:00,161.757,161.843,161.744,161.815
2026-06-24 20:00,161.824,161.832,161.748,161.755
2026-06-24 21:00,161.728,161.786,161.709,161.739
2026-06-24 22:00,161.739,161.783,161.689,161.769
2026-06-24 23:00,161.760,161.791,161.743,161.763
2026-06-25 00:00,161.763,161.782,161.691,161.706
2026-06-25 01:00,161.707,161.744,161.550,161.719
2026-06-25 02:00,161.718,161.730,161.656,161.707
2026-06-25 03:00,161.709,161.754,161.688,161.725
2026-06-25 04:00,161.717,161.776,161.700,161.766
2026-06-25 05:00,161.759,161.828,161.720,161.823
2026-06-25 06:00,161.831,161.891,161.778,161.880
2026-06-25 07:00,161.878,161.900,161.745,161.805
2026-06-25 08:00,161.808,161.836,161.769,161.793
2026-06-25 09:00,161.793,161.840,161.782,161.809
2026-06-25 10:00,161.816,161.897,161.798,161.878
2026-06-25 11:00,161.870,161.950,161.736,161.858
2026-06-25 12:00,161.858,161.902,161.760,161.833
2026-06-25 13:00,161.832,161.857,161.696,161.738
2026-06-25 14:00,161.737,161.762,161.556,161.675
2026-06-25 15:00,161.676,161.724,161.607,161.668
2026-06-25 16:00,161.667,161.765,161.652,161.762
2026-06-25 17:00,161.763,161.810,161.723,161.770
2026-06-25 18:00,161.770,161.844,161.755,161.794
2026-06-25 19:00,161.790,161.826,161.742,161.783
2026-06-25 20:00,161.790,161.815,161.767,161.774
2026-06-25 21:00,161.763,161.812,161.662,161.735
2026-06-25 22:00,161.760,161.808,161.735,161.784
2026-06-25 23:00,161.778,161.818,161.753,161.802
2026-06-26 00:00,161.797,161.842,161.783,161.832
2026-06-26 01:00,161.824,161.850,161.787,161.805
2026-06-26 02:00,161.797,161.818,161.763,161.769
2026-06-26 03:00,161.770,161.780,161.614,161.648
2026-06-26 04:00,161.643,161.685,161.559,161.622
2026-06-26 05:00,161.621,161.643,161.531,161.536
2026-06-26 06:00,161.536,161.750,161.525,161.711
2026-06-26 07:00,161.711,161.727,161.612,161.627
2026-06-26 08:00,161.618,161.657,161.531,161.589
2026-06-26 09:00,161.580,161.631,161.526,161.605
2026-06-26 10:00,161.600,161.643,161.564,161.613
2026-06-26 11:00,161.613,161.682,161.601,161.661
2026-06-26 12:00,161.657,161.705,161.630,161.653
2026-06-26 13:00,161.655,161.723,161.606,161.622
2026-06-26 14:00,161.603,161.741,161.573,161.730
2026-06-26 15:00,161.720,161.746,161.627,161.666
2026-06-26 16:00,161.665,161.771,161.653,161.751
2026-06-26 17:00,161.750,161.777,161.723,161.772
2026-06-26 18:00,161.765,161.777,161.705,161.732
2026-06-26 19:00,161.731,161.766,161.703,161.757
2026-06-26 20:00,161.758,161.781,161.693,161.693
2026-06-26 21:00,161.685,161.730,161.685,161.730
2026-06-28 23:00,161.780,161.810,161.762,161.787
2026-06-29 00:00,161.787,161.797,161.711,161.754
2026-06-29 01:00,161.753,161.794,161.727,161.790
2026-06-29 02:00,161.787,161.792,161.725,161.783
2026-06-29 03:00,161.782,161.799,161.767,161.799
2026-06-29 04:00,161.790,161.815,161.778,161.808
2026-06-29 05:00,161.808,161.816,161.775,161.803
2026-06-29 06:00,161.796,161.852,161.770,161.791
2026-06-29 07:00,161.785,161.832,161.782,161.820
2026-06-29 08:00,161.819,161.860,161.796,161.848
2026-06-29 09:00,161.848,161.900,161.825,161.885
2026-06-29 10:00,161.879,161.901,161.840,161.852
2026-06-29 11:00,161.850,161.863,161.805,161.834
2026-06-29 12:00,161.832,161.905,161.827,161.888
2026-06-29 13:00,161.889,161.965,161.877,161.952
2026-06-29 14:00,161.953,161.957,161.803,161.924
2026-06-29 15:00,161.924,161.953,161.915,161.929
2026-06-29 16:00,161.933,161.946,161.911,161.937
2026-06-29 17:00,161.938,161.960,161.912,161.927
2026-06-29 18:00,161.931,161.984,161.921,161.965
2026-06-29 19:00,161.965,161.972,161.900,161.942
2026-06-29 20:00,161.943,161.969,161.904,161.926
2026-06-29 21:00,161.928,161.928,161.835,161.895
2026-06-29 22:00,161.890,161.944,161.829,161.925
2026-06-29 23:00,161.924,161.930,161.900,161.926
2026-06-30 00:00,161.918,162.404,161.916,162.125
2026-06-30 01:00,162.133,162.306,162.045,162.176
2026-06-30 02:00,162.176,162.200,162.102,162.148
2026-06-30 03:00,162.142,162.244,162.039,162.167
2026-06-30 04:00,162.166,162.203,162.142,162.196
2026-06-30 05:00,162.190,162.292,162.145,162.283
2026-06-30 06:00,162.286,162.413,162.196,162.203
2026-06-30 07:00,162.206,162.268,162.108,162.250
2026-06-30 08:00,162.259,162.412,162.217,162.306
2026-06-30 09:00,162.308,162.346,162.262,162.289
2026-06-30 10:00,162.293,162.357,162.283,162.307
2026-06-30 11:00,162.312,162.428,162.307,162.408
2026-06-30 12:00,162.408,162.514,162.012,162.398
2026-06-30 13:00,162.398,162.477,162.309,162.448
2026-06-30 14:00,162.462,162.554,162.348,162.516
2026-06-30 15:00,162.511,162.662,162.464,162.614
2026-06-30 16:00,162.614,162.670,162.595,162.648
2026-06-30 17:00,162.643,162.649,162.551,162.585
2026-06-30 18:00,162.578,162.621,162.554,162.612
2026-06-30 19:00,162.612,162.632,162.570,162.573
2026-06-30 20:00,162.578,162.614,162.473,162.473
2026-06-30 21:00,162.520,162.617,162.468,162.544
2026-06-30 22:00,162.548,162.627,162.539,162.605
2026-06-30 23:00,162.600,162.649,162.520,162.627
2026-07-01 00:00,162.627,162.777,162.626,162.681
2026-07-01 01:00,162.686,162.735,162.582,162.678
2026-07-01 02:00,162.678,162.793,162.653,162.744
2026-07-01 03:00,162.743,162.841,162.725,162.794
2026-07-01 04:00,162.792,162.813,162.556,162.728
2026-07-01 05:00,162.718,162.762,162.678,162.703
2026-07-01 06:00,162.707,162.758,162.650,162.669
2026-07-01 07:00,162.669,162.721,162.604,162.669
2026-07-01 08:00,162.666,162.704,162.626,162.665
2026-07-01 09:00,162.653,162.744,162.643,162.736
2026-07-01 10:00,162.729,162.747,162.667,162.684
2026-07-01 11:00,162.682,162.736,162.676,162.690
2026-07-01 12:00,162.688,162.767,162.646,162.695
2026-07-01 13:00,162.698,162.734,162.286,162.397
2026-07-01 14:00,162.393,162.452,162.304,162.391
2026-07-01 15:00,162.390,162.477,162.366,162.409
2026-07-01 16:00,162.408,162.463,162.351,162.451
2026-07-01 17:00,162.453,162.547,162.419,162.529
2026-07-01 18:00,162.533,162.583,162.506,162.518
2026-07-01 19:00,162.522,162.584,162.503,162.569
2026-07-01 20:00,162.566,162.619,162.544,162.575
2026-07-01 21:00,162.571,162.594,162.502,162.507
2026-07-01 22:00,162.507,162.572,162.505,162.531
2026-07-01 23:00,162.532,162.588,162.509,162.541
2026-07-02 00:00,162.541,162.600,162.476,162.559
2026-07-02 01:00,162.556,162.586,162.498,162.527
2026-07-02 02:00,162.528,162.554,162.490,162.517
2026-07-02 03:00,162.521,162.545,162.429,162.457
2026-07-02 04:00,162.453,162.461,162.354,162.425
2026-07-02 05:00,162.426,162.434,162.310,162.329
2026-07-02 06:00,162.326,162.336,161.104,161.811
2026-07-02 07:00,161.811,161.950,161.366,161.423
2026-07-02 08:00,161.432,161.461,160.892,161.021
2026-07-02 09:00,161.018,161.342,161.015,161.192
2026-07-02 10:00,161.188,161.490,161.187,161.352
2026-07-02 11:00,161.360,161.502,161.316,161.474
2026-07-02 12:00,161.470,161.644,160.620,161.017
2026-07-02 13:00,161.017,161.159,160.845,160.858
2026-07-02 14:00,160.850,161.120,160.825,161.038
2026-07-02 15:00,161.035,161.081,160.753,160.903
2026-07-02 16:00,160.907,161.095,160.886,160.987
2026-07-02 17:00,160.978,161.126,160.976,161.067
2026-07-02 18:00,161.067,161.105,161.014,161.043
2026-07-02 19:00,161.043,161.173,161.042,161.122
2026-07-02 20:00,161.120,161.141,161.057,161.085
2026-07-02 21:00,161.104,161.116,160.986,161.064
2026-07-02 22:00,161.067,161.304,160.999,161.268
2026-07-02 23:00,161.249,161.469,161.223,161.449
2026-07-03 00:00,161.449,161.524,161.180,161.192
2026-07-03 01:00,161.187,161.274,160.909,161.230
2026-07-03 02:00,161.226,161.249,161.112,161.165
2026-07-03 03:00,161.166,161.224,161.135,161.165
2026-07-03 04:00,161.165,161.211,161.119,161.119
2026-07-03 05:00,161.120,161.180,160.974,161.158
2026-07-03 06:00,161.155,161.166,160.466,160.860
2026-07-03 07:00,160.862,160.998,160.707,160.795
2026-07-03 08:00,160.791,161.038,160.765,161.028
2026-07-03 09:00,161.032,161.130,160.955,161.128
2026-07-03 10:00,161.118,161.169,161.067,161.092
2026-07-03 11:00,161.089,161.161,161.048,161.111
2026-07-03 12:00,161.105,161.173,161.100,161.167
2026-07-03 13:00,161.169,161.275,161.161,161.254
2026-07-03 14:00,161.244,161.295,161.197,161.287
2026-07-03 15:00,161.289,161.345,161.263,161.317
2026-07-03 16:00,161.306,161.394,161.292,161.338
2026-07-03 17:00,161.338,161.359,161.263,161.304
2026-07-03 18:00,161.288,161.359,161.275,161.339
2026-07-03 19:00,161.341,161.380,161.322,161.359
2026-07-03 20:00,161.359,161.429,161.262,161.337
2026-07-05 23:00,161.405,161.507,161.405,161.460
2026-07-06 00:00,161.452,161.607,161.449,161.528
2026-07-06 01:00,161.532,161.817,161.524,161.804
2026-07-06 02:00,161.805,161.852,161.742,161.768
2026-07-06 03:00,161.767,161.863,161.757,161.832
2026-07-06 04:00,161.832,161.947,161.802,161.934
2026-07-06 05:00,161.934,162.086,161.876,162.072
2026-07-06 06:00,162.069,162.308,162.021,162.246
2026-07-06 07:00,162.248,162.315,162.149,162.153
2026-07-06 08:00,162.155,162.293,162.153,162.240
2026-07-06 09:00,162.240,162.349,162.223,162.325
2026-07-06 10:00,162.324,162.412,162.249,162.302
2026-07-06 11:00,162.304,162.356,162.277,162.331
2026-07-06 12:00,162.329,162.427,162.295,162.398
2026-07-06 13:00,162.395,162.420,162.302,162.320
2026-07-06 14:00,162.327,162.385,162.266,162.359
2026-07-06 15:00,162.360,162.369,162.265,162.284
2026-07-06 16:00,162.278,162.317,162.235,162.255
2026-07-06 17:00,162.254,162.274,162.137,162.170
2026-07-06 18:00,162.167,162.189,162.008,162.040
2026-07-06 19:00,162.036,162.116,162.025,162.044
2026-07-06 20:00,162.043,162.114,162.023,162.070
2026-07-06 21:00,162.068,162.128,162.026,162.058
2026-07-06 22:00,162.059,162.113,162.015,162.069
2026-07-06 23:00,162.061,162.110,161.993,162.096
2026-07-07 00:00,162.088,162.183,162.074,162.124
2026-07-07 01:00,162.129,162.147,161.673,161.862
2026-07-07 02:00,161.868,161.927,161.785,161.916
2026-07-07 03:00,161.913,161.927,161.786,161.869
2026-07-07 04:00,161.861,161.887,161.673,161.785
2026-07-07 05:00,161.785,161.894,161.745,161.863
2026-07-07 06:00,161.873,162.044,161.854,162.016
2026-07-07 07:00,162.017,162.082,161.656,161.962
2026-07-07 08:00,161.963,161.972,161.818,161.889
2026-07-07 09:00,161.889,161.967,161.807,161.940
2026-07-07 10:00,161.929,161.963,161.870,161.927
2026-07-07 11:00,161.933,161.957,161.838,161.915
2026-07-07 12:00,161.907,161.929,161.749,161.832
2026-07-07 13:00,161.830,161.903,161.803,161.887
2026-07-07 14:00,161.895,162.023,161.851,161.915
2026-07-07 15:00,161.905,161.946,161.850,161.912
2026-07-07 16:00,161.907,161.959,161.861,161.936
2026-07-07 17:00,161.928,161.943,161.865,161.892
2026-07-07 18:00,161.881,161.972,161.854,161.922
2026-07-07 19:00,161.932,162.142,161.922,162.076
2026-07-07 20:00,162.071,162.128,162.047,162.090
2026-07-07 21:00,162.085,162.174,161.978,162.139
2026-07-07 22:00,162.122,162.204,162.091,162.183
2026-07-07 23:00,162.173,162.366,162.161,162.353
2026-07-08 00:00,162.356,162.404,162.248,162.349
2026-07-08 01:00,162.341,162.463,162.278,162.351
2026-07-08 02:00,162.352,162.433,162.332,162.343
2026-07-08 03:00,162.340,162.354,162.284,162.336
2026-07-08 04:00,162.336,162.408,162.330,162.368
2026-07-08 05:00,162.361,162.376,162.203,162.292
2026-07-08 06:00,162.292,162.310,162.070,162.198
2026-07-08 07:00,162.198,162.291,162.174,162.225
2026-07-08 08:00,162.220,162.498,162.203,162.486
2026-07-08 09:00,162.484,162.557,162.246,162.457
2026-07-08 10:00,162.459,162.479,162.399,162.474
2026-07-08 11:00,162.472,162.559,162.414,162.542
2026-07-08 12:00,162.532,162.546,162.437,162.514
2026-07-08 13:00,162.514,162.569,162.475,162.534
2026-07-08 14:00,162.535,162.623,162.508,162.606
2026-07-08 15:00,162.605,162.708,162.588,162.666
2026-07-08 16:00,162.664,162.672,162.498,162.531
2026-07-08 17:00,162.531,162.553,162.412,162.498
2026-07-08 18:00,162.527,162.561,162.438,162.477
2026-07-08 19:00,162.468,162.556,162.416,162.467
2026-07-08 20:00,162.471,162.646,162.463,162.584
2026-07-08 21:00,162.548,162.598,162.485,162.537
2026-07-08 22:00,162.536,162.614,162.511,162.552
2026-07-08 23:00,162.560,162.582,162.525,162.544
2026-07-09 00:00,162.534,162.543,162.356,162.439
2026-07-09 01:00,162.439,162.574,162.407,162.445
2026-07-09 02:00,162.445,162.504,162.430,162.471
2026-07-09 03:00,162.464,162.499,162.402,162.448
2026-07-09 04:00,162.447,162.465,162.406,162.426
2026-07-09 05:00,162.433,162.438,162.337,162.372
2026-07-09 06:00,162.364,162.375,162.240,162.289
2026-07-09 07:00,162.292,162.399,162.289,162.342
2026-07-09 08:00,162.342,162.404,162.294,162.388
2026-07-09 09:00,162.388,162.451,162.373,162.398
2026-07-09 10:00,162.396,162.508,162.395,162.480
2026-07-09 11:00,162.477,162.510,162.449,162.469
2026-07-09 12:00,162.469,162.477,162.381,162.436
2026-07-09 13:00,162.444,162.454,162.288,162.331
2026-07-09 14:00,162.339,162.423,162.279,162.368
2026-07-09 15:00,162.358,162.415,162.250,162.287
2026-07-09 16:00,162.281,162.327,162.251,162.316
2026-07-09 17:00,162.307,162.330,162.266,162.282
2026-07-09 18:00,162.283,162.377,162.280,162.329
2026-07-09 19:00,162.329,162.415,162.314,162.388
2026-07-09 20:00,162.380,162.406,162.329,162.358
2026-07-09 21:00,162.342,162.394,162.328,162.351
2026-07-09 22:00,162.348,162.429,162.313,162.351
2026-07-09 23:00,162.339,162.388,162.330,162.358
2026-07-10 00:00,162.358,162.425,161.887,162.042
2026-07-10 01:00,162.046,162.106,161.630,161.732
2026-07-10 02:00,161.735,161.754,161.278,161.448
2026-07-10 03:00,161.447,161.578,161.344,161.520
2026-07-10 04:00,161.512,161.710,161.512,161.627
2026-07-10 05:00,161.627,161.667,161.469,161.578
2026-07-10 06:00,161.574,161.616,161.404,161.574
2026-07-10 07:00,161.574,161.775,161.566,161.690
2026-07-10 08:00,161.689,161.747,161.532,161.679
2026-07-10 09:00,161.679,161.861,161.632,161.824
2026-07-10 10:00,161.821,161.830,161.689,161.761
2026-07-10 11:00,161.760,161.886,161.740,161.845
2026-07-10 12:00,161.843,161.895,161.679,161.788
2026-07-10 13:00,161.787,161.861,161.716,161.759
2026-07-10 14:00,161.768,161.869,161.741,161.822
2026-07-10 15:00,161.829,161.845,161.276,161.315
2026-07-10 16:00,161.312,161.513,161.294,161.503
2026-07-10 17:00,161.511,161.653,161.487,161.637
2026-07-10 18:00,161.642,161.735,161.624,161.681
2026-07-10 19:00,161.682,161.749,161.671,161.729
2026-07-10 20:00,161.730,161.763,161.648,161.672
2026-07-12 23:00,162.014,162.069,161.875,161.888
2026-07-13 00:00,161.878,162.103,161.873,162.090
2026-07-13 01:00,162.095,162.174,161.950,161.973
2026-07-13 02:00,161.970,162.094,161.954,162.073
2026-07-13 03:00,162.067,162.127,162.058,162.064
2026-07-13 04:00,162.064,162.096,161.956,161.997
2026-07-13 05:00,161.989,162.338,161.933,162.258
2026-07-13 06:00,162.262,162.359,162.192,162.241
2026-07-13 07:00,162.233,162.282,161.823,162.099
2026-07-13 08:00,162.102,162.144,162.011,162.076
2026-07-13 09:00,162.073,162.104,161.971,161.986
2026-07-13 10:00,161.993,162.125,161.983,162.060
2026-07-13 11:00,162.065,162.146,162.023,162.116
2026-07-13 12:00,162.112,162.196,162.092,162.108
2026-07-13 13:00,162.108,162.232,162.067,162.218
2026-07-13 14:00,162.219,162.413,162.181,162.343
2026-07-13 15:00,162.350,162.382,162.299,162.327
2026-07-13 16:00,162.317,162.467,162.303,162.449
2026-07-13 17:00,162.448,162.469,162.419,162.460
2026-07-13 18:00,162.464,162.481,162.349,162.351
2026-07-13 19:00,162.351,162.467,162.348,162.446
2026-07-13 20:00,162.446,162.488,162.388,162.432
2026-07-13 21:00,162.359,162.459,162.313,162.427
2026-07-13 22:00,162.427,162.473,162.403,162.435
2026-07-13 23:00,162.442,162.457,162.383,162.414
2026-07-14 00:00,162.413,162.470,162.223,162.384
2026-07-14 01:00,162.378,162.426,162.317,162.387
2026-07-14 02:00,162.390,162.415,162.303,162.323
2026-07-14 03:00,162.317,162.374,162.222,162.288
2026-07-14 04:00,162.284,162.342,162.256,162.320
2026-07-14 05:00,162.313,162.319,162.236,162.289
2026-07-14 06:00,162.284,162.372,162.270,162.347
2026-07-14 07:00,162.339,162.373,162.290,162.340
2026-07-14 08:00,162.338,162.388,162.040,162.266
2026-07-14 09:00,162.270,162.283,162.149,162.178
2026-07-14 10:00,162.176,162.264,162.149,162.244
2026-07-14 11:00,162.247,162.277,162.177,162.195
2026-07-14 12:00,162.193,162.235,161.588,161.912
2026-07-14 13:00,161.902,161.979,161.823,161.926
2026-07-14 14:00,161.919,162.017,161.820,161.965
2026-07-14 15:00,161.965,162.171,161.869,162.145
2026-07-14 16:00,162.138,162.202,162.101,162.109
2026-07-14 17:00,162.107,162.237,162.107,162.192
2026-07-14 18:00,162.188,162.288,162.156,162.187
2026-07-14 19:00,162.192,162.215,162.127,162.210
2026-07-14 20:00,162.204,162.270,162.199,162.233
2026-07-14 21:00,162.224,162.254,162.134,162.188
2026-07-14 22:00,162.189,162.266,162.158,162.226
2026-07-14 23:00,162.226,162.240,162.156,162.187
2026-07-15 00:00,162.189,162.240,162.070,162.099
2026-07-15 01:00,162.098,162.128,161.957,162.097
2026-07-15 02:00,162.089,162.124,162.027,162.102
2026-07-15 03:00,162.103,162.181,162.078,162.143
2026-07-15 04:00,162.133,162.230,162.128,162.212
2026-07-15 05:00,162.205,162.237,162.167,162.196
2026-07-15 06:00,162.196,162.216,162.093,162.202
2026-07-15 07:00,162.208,162.311,162.190,162.268
2026-07-15 08:00,162.261,162.351,162.238,162.290
2026-07-15 09:00,162.290,162.373,162.236,162.358
2026-07-15 10:00,162.358,162.423,162.303,162.328
2026-07-15 11:00,162.321,162.395,162.288,162.346
2026-07-15 12:00,162.335,162.395,162.134,162.157
2026-07-15 13:00,162.156,162.280,162.124,162.201
2026-07-15 14:00,162.201,162.238,162.117,162.143
2026-07-15 15:00,162.135,162.216,162.069,162.127
2026-07-15 16:00,162.125,162.199,162.110,162.158
2026-07-15 17:00,162.159,162.170,161.961,161.980
2026-07-15 18:00,161.987,162.062,161.885,162.046
2026-07-15 19:00,162.040,162.284,162.005,162.224
2026-07-15 20:00,162.224,162.233,162.153,162.172
2026-07-15 21:00,162.156,162.250,162.068,162.101
2026-07-15 22:00,162.101,162.152,162.044,162.113
2026-07-15 23:00,162.112,162.124,162.023,162.074
2026-07-16 00:00,162.067,162.155,162.045,162.093
2026-07-16 01:00,162.093,162.119,162.023,162.109
2026-07-16 02:00,162.105,162.169,162.081,162.145
2026-07-16 03:00,162.144,162.160,162.063,162.082
2026-07-16 04:00,162.082,162.142,162.075,162.092
2026-07-16 05:00,162.093,162.182,162.075,162.159
2026-07-16 06:00,162.150,162.176,162.104,162.112
2026-07-16 07:00,162.120,162.129,161.977,162.076
2026-07-16 08:00,162.076,162.179,162.059,162.146
2026-07-16 09:00,162.137,162.196,162.105,162.167
2026-07-16 10:00,162.169,162.194,162.123,162.143
2026-07-16 11:00,162.144,162.233,162.108,162.148
2026-07-16 12:00,162.155,162.301,162.123,162.296
2026-07-16 13:00,162.290,162.348,162.207,162.324
2026-07-16 14:00,162.325,162.453,162.301,162.441
2026-07-16 15:00,162.440,162.477,162.404,162.417
2026-07-16 16:00,162.417,162.546,162.413,162.464
2026-07-16 17:00,162.476,162.506,162.388,162.405
2026-07-16 18:00,162.405,162.425,162.363,162.382
2026-07-16 19:00,162.389,162.433,162.371,162.395
2026-07-16 20:00,162.394,162.406,162.333,162.382
2026-07-16 21:00,162.376,162.425,162.324,162.352
2026-07-16 22:00,162.344,162.383,162.295,162.364
2026-07-16 23:00,162.352,162.395,162.312,162.373
2026-07-17 00:00,162.374,162.456,162.352,162.421
2026-07-17 01:00,162.415,162.475,162.403,162.467
2026-07-17 02:00,162.463,162.469,162.334,162.364
2026-07-17 03:00,162.364,162.411,162.351,162.388
2026-07-17 04:00,162.394,162.431,162.362,162.418
2026-07-17 05:00,162.415,162.445,162.360,162.401
2026-07-17 06:00,162.395,162.423,162.111,162.264
2026-07-17 07:00,162.260,162.292,162.144,162.283
2026-07-17 08:00,162.285,162.423,162.254,162.383
2026-07-17 09:00,162.383,162.453,162.349,162.357
2026-07-17 10:00,162.363,162.419,162.348,162.359
2026-07-17 11:00,162.360,162.372,162.295,162.362
2026-07-17 12:00,162.356,162.419,162.295,162.404
2026-07-17 13:00,162.411,162.444,162.316,162.352
2026-07-17 14:00,162.337,162.412,162.322,162.404
2026-07-17 15:00,162.403,162.440,162.342,162.424
2026-07-17 16:00,162.428,162.519,162.423,162.433
2026-07-17 17:00,162.422,162.477,162.396,162.441
2026-07-17 18:00,162.441,162.461,162.408,162.438
2026-07-17 19:00,162.444,162.475,162.377,162.380
2026-07-17 20:00,162.380,162.445,162.334,162.353
2026-07-19 23:00,162.504,162.548,162.472,162.512
2026-07-20 00:00,162.512,162.538,162.320,162.339
2026-07-20 01:00,162.327,162.413,162.297,162.361
2026-07-20 02:00,162.356,162.374,162.325,162.367
2026-07-20 03:00,162.363,162.380,162.346,162.367
2026-07-20 04:00,162.367,162.386,162.320,162.335
2026-07-20 05:00,162.331,162.375,162.312,162.374
2026-07-20 06:00,162.364,162.416,162.350,162.405
2026-07-20 07:00,162.404,162.453,162.308,162.357
2026-07-20 08:00,162.358,162.379,162.327,162.371
2026-07-20 09:00,162.363,162.436,162.359,162.409
2026-07-20 10:00,162.410,162.430,162.382,162.400
2026-07-20 11:00,162.398,162.428,162.188,162.342
2026-07-20 12:00,162.345,162.431,162.337,162.402
2026-07-20 13:00,162.406,162.478,162.382,162.469
2026-07-20 14:00,162.477,162.589,162.459,162.519
2026-07-20 15:00,162.517,162.587,162.516,162.563
2026-07-20 16:00,162.563,162.600,162.516,162.516
2026-07-20 17:00,162.521,162.531,162.450,162.459
2026-07-20 18:00,162.458,162.534,162.414,162.499
2026-07-20 19:00,162.499,162.517,162.452,162.511
2026-07-20 20:00,162.511,162.532,162.468,162.475
2026-07-20 21:00,162.477,162.510,162.437,162.485
2026-07-20 22:00,162.441,162.517,162.410,162.498
2026-07-20 23:00,162.491,162.509,162.479,162.480
2026-07-21 00:00,162.480,162.536,162.438,162.529
2026-07-21 01:00,162.529,162.537,162.426,162.502
2026-07-21 02:00,162.501,162.526,162.477,162.488
2026-07-21 03:00,162.488,162.517,162.446,162.486
2026-07-21 04:00,162.482,162.500,162.464,162.483
2026-07-21 05:00,162.483,162.527,162.462,162.507
2026-07-21 06:00,162.503,162.559,162.480,162.521
2026-07-21 07:00,162.520,162.618,162.516,162.595
2026-07-21 08:00,162.596,162.700,162.577,162.686
2026-07-21 09:00,162.677,162.696,162.609,162.662
2026-07-21 10:00,162.662,162.706,162.635,162.671
2026-07-21 11:00,162.662,162.758,162.646,162.726
2026-07-21 12:00,162.724,162.801,162.690,162.718
2026-07-21 13:00,162.721,162.894,162.718,162.864
2026-07-21 14:00,162.865,163.042,162.853,163.011
2026-07-21 15:00,163.015,163.038,162.908,163.015
2026-07-21 16:00,163.012,163.030,162.950,163.001
2026-07-21 17:00,163.005,163.030,162.968,163.026
2026-07-21 18:00,163.028,163.237,163.021,163.183
2026-07-21 19:00,163.182,163.221,163.157,163.200
2026-07-21 20:00,163.202,163.239,163.154,163.169
2026-07-21 21:00,163.150,163.182,163.106,163.141
2026-07-21 22:00,163.141,163.215,163.136,163.199
2026-07-21 23:00,163.199,163.228,163.179,163.183
2026-07-22 00:00,163.185,163.207,163.022,163.131
2026-07-22 01:00,163.132,163.204,163.098,163.143
2026-07-22 02:00,163.144,163.180,163.066,163.120
2026-07-22 03:00,163.116,163.168,163.107,163.154
2026-07-22 04:00,163.150,163.197,163.143,163.170
2026-07-22 05:00,163.167,163.188,163.077,163.087
2026-07-22 06:00,163.082,163.145,163.042,163.085
2026-07-22 07:00,163.089,163.137,162.662,162.936
2026-07-22 08:00,162.942,163.113,162.904,162.959
2026-07-22 09:00,162.957,163.052,162.938,163.027
2026-07-22 10:00,163.027,163.077,163.000,163.016
2026-07-22 11:00,163.016,163.080,162.987,163.070
2026-07-22 12:00,163.070,163.136,163.033,163.102
2026-07-22 13:00,163.099,163.109,163.005,163.052
2026-07-22 14:00,163.052,163.120,163.034,163.115
2026-07-22 15:00,163.113,163.133,163.062,163.079
2026-07-22 16:00,163.076,163.126,163.060,163.110
2026-07-22 17:00,163.106,163.178,163.101,163.156
2026-07-22 18:00,163.153,163.174,163.100,163.123
2026-07-22 19:00,163.127,163.161,163.112,163.147
2026-07-22 20:00,163.148,163.166,163.127,163.131
2026-07-22 21:00,163.116,163.129,163.054,163.089
2026-07-22 22:00,163.081,163.152,163.051,163.120
2026-07-22 23:00,163.106,163.125,163.081,163.081
2026-07-23 00:00,163.081,163.140,163.036,163.046
2026-07-23 01:00,163.046,163.087,162.987,163.064
2026-07-23 02:00,163.052,163.100,163.040,163.064
2026-07-23 03:00,163.069,163.086,163.026,163.043
2026-07-23 04:00,163.039,163.084,163.022,163.072
2026-07-23 05:00,163.066,163.110,163.060,163.109
2026-07-23 06:00,163.104,163.120,163.063,163.104
2026-07-23 07:00,163.104,163.427,163.104,163.312
2026-07-23 08:00,163.311,163.441,163.278,163.334
2026-07-23 09:00,163.330,163.397,163.283,163.371
2026-07-23 10:00,163.368,163.384,163.340,163.368
2026-07-23 11:00,163.368,163.648,163.299,163.482
2026-07-23 12:00,163.490,163.758,163.447,163.666
2026-07-23 13:00,163.674,163.965,163.659,163.958
2026-07-23 14:00,163.963,163.988,163.866,163.918
2026-07-23 15:00,163.917,163.954,163.769,163.800
2026-07-23 16:00,163.799,163.835,163.713,163.764
2026-07-23 17:00,163.764,163.844,163.710,163.841
2026-07-23 18:00,163.839,163.847,163.771,163.797
2026-07-23 19:00,163.803,163.857,163.764,163.819
2026-07-23 20:00,163.817,163.877,163.792,163.853
2026-07-23 21:00,163.814,163.916,163.735,163.779
2026-07-23 22:00,163.783,163.851,163.740,163.844
2026-07-23 23:00,163.836,163.870,163.797,163.836
2026-07-24 00:00,163.832,163.940,163.789,163.818
2026-07-24 01:00,163.812,163.862,163.718,163.769
2026-07-24 02:00,163.772,163.808,163.722,163.770
2026-07-24 03:00,163.771,163.867,163.764,163.803
2026-07-24 04:00,163.804,163.847,163.774,163.828
2026-07-24 05:00,163.821,163.847,163.790,163.842
2026-07-24 06:00,163.833,163.848,163.758,163.759
2026-07-24 07:00,163.760,163.802,163.644,163.761
2026-07-24 08:00,163.760,163.812,163.717,163.726
2026-07-24 09:00,163.724,163.766,163.678,163.683
2026-07-24 10:00,163.689,163.806,163.669,163.788
2026-07-24 11:00,163.786,163.840,163.754,163.796
2026-07-24 12:00,163.802,163.864,163.793,163.846
2026-07-24 13:00,163.848,163.880,163.773,163.779
2026-07-24 14:00,163.777,163.836,163.688,163.754
2026-07-24 15:00,163.755,163.773,163.636,163.704
2026-07-24 16:00,163.711,163.780,163.698,163.778
2026-07-24 17:00,163.779,163.839,163.768,163.813
2026-07-24 18:00,163.807,163.856,163.792,163.836
2026-07-24 19:00,163.842,163.854,163.803,163.848
2026-07-24 20:00,163.847,163.870,163.791,163.791
2026-07-26 23:00,163.690,163.700,163.602,163.611
2026-07-27 00:00,163.616,163.655,163.513,163.629
2026-07-27 01:00,163.627,163.638,163.472,163.472
2026-07-27 02:00,163.473,163.582,163.449,163.570
2026-07-27 03:00,163.570,163.614,163.547,163.573
2026-07-27 04:00,163.571,163.598,163.544,163.572
2026-07-27 05:00,163.573,163.607,163.553,163.584
2026-07-27 06:00,163.584,163.604,163.503,163.507
2026-07-27 07:00,163.515,163.538,163.321,163.521
2026-07-27 08:00,163.520,163.557,163.487,163.520
2026-07-27 09:00,163.516,163.607,163.490,163.525
2026-07-27 10:00,163.525,163.600,163.525,163.592
2026-07-27 11:00,163.585,163.651,163.577,163.640
2026-07-27 12:00,163.640,163.706,163.620,163.686
2026-07-27 13:00,163.686,163.759,163.647,163.743
2026-07-27 14:00,163.744,163.768,163.688,163.698
2026-07-27 15:00,163.702,163.724,163.652,163.709
2026-07-27 16:00,163.709,163.715,163.579,163.649
2026-07-27 17:00,163.652,163.735,163.646,163.723
2026-07-27 18:00,163.723,163.790,163.684,163.776
2026-07-27 19:00,163.776,163.776,163.691,163.733
2026-07-27 20:00,163.734,163.769,163.718,163.745
2026-07-27 21:00,163.673,163.719,163.654,163.713
2026-07-27 22:00,163.712,163.762,163.693,163.740
2026-07-27 23:00,163.740,163.786,163.710,163.771
2026-07-28 00:00,163.771,163.843,163.731,163.738
2026-07-28 01:00,163.745,163.792,163.708,163.768
2026-07-28 02:00,163.759,163.792,163.669,163.708
2026-07-28 03:00,163.707,163.769,163.693,163.756
2026-07-28 04:00,163.756,163.778,163.739,163.745
2026-07-28 05:00,163.744,163.772,163.717,163.733
2026-07-28 06:00,163.733,163.742,163.662,163.709
2026-07-28 07:00,163.704,163.794,163.704,163.784
2026-07-28 08:00,163.779,163.853,163.754,163.819
2026-07-28 09:00,163.821,163.889,163.804,163.874
2026-07-28 10:00,163.875,163.949,163.859,163.932
2026-07-28 11:00,163.931,163.938,163.900,163.927
2026-07-28 12:00,163.927,163.934,163.837,163.872
2026-07-28 13:00,163.875,163.885,163.812,163.818
2026-07-28 14:00,163.827,163.882,163.812,163.863
2026-07-28 15:00,163.863,163.866,163.638,163.651
2026-07-28 16:00,163.650,163.748,163.638,163.737
2026-07-28 17:00,163.737,163.815,163.712,163.800
2026-07-28 18:00,163.798,163.861,163.765,163.856
2026-07-28 19:00,163.853,163.871,163.820,163.855
2026-07-28 20:00,163.854,163.889,163.808,163.811
2026-07-28 21:00,163.781,163.840,163.650,163.794
2026-07-28 22:00,163.779,163.890,163.769,163.842
2026-07-28 23:00,163.849,163.874,163.837,163.859
2026-07-29 00:00,163.859,163.883,163.662,163.695
2026-07-29 01:00,163.705,163.780,163.677,163.713
2026-07-29 02:00,163.719,163.753,163.651,163.717
2026-07-29 03:00,163.714,163.723,163.555,163.626
2026-07-29 04:00,163.618,163.625,163.272,163.423
2026-07-29 05:00,163.418,163.497,163.337,163.494
2026-07-29 06:00,163.494,163.581,163.446,163.530
2026-07-29 07:00,163.525,163.693,163.489,163.679
2026-07-29 08:00,163.673,163.694,163.550,163.578
2026-07-29 09:00,163.579,163.618,163.497,163.605
2026-07-29 10:00,163.607,163.696,163.597,163.652
2026-07-29 11:00,163.661,163.688,163.633,163.639
2026-07-29 12:00,163.637,163.821,163.626,163.800
2026-07-29 13:00,163.792,163.812,163.723,163.745
2026-07-29 14:00,163.744,163.887,163.731,163.883
2026-07-29 15:00,163.882,163.888,163.823,163.858
2026-07-29 16:00,163.853,163.904,163.852,163.888
2026-07-29 17:00,163.886,163.897,163.760,163.763
2026-07-29 18:00,163.784,163.847,163.310,163.317
2026-07-29 19:00,163.312,163.519,163.224,163.508
2026-07-29 20:00,163.508,163.570,163.344,163.370
2026-07-29 21:00,163.376,163.414,163.332,163.377
2026-07-29 22:00,163.376,163.454,163.359,163.376
2026-07-29 23:00,163.375,163.389,163.263,163.300
2026-07-30 00:00,163.308,163.517,163.202,163.493
2026-07-30 01:00,163.486,163.535,163.408,163.502
2026-07-30 02:00,163.497,163.506,163.444,163.483
2026-07-30 03:00,163.483,163.553,163.481,163.496
2026-07-30 04:00,163.495,163.520,163.456,163.484
2026-07-30 05:00,163.485,163.548,163.449,163.532
2026-07-30 06:00,163.532,163.644,163.527,163.634
2026-07-30 07:00,163.631,163.739,163.553,163.732
2026-07-30 08:00,163.722,163.735,163.599,163.648
2026-07-30 09:00,163.645,163.651,163.275,163.306
2026-07-30 10:00,163.301,163.314,162.258,162.815
2026-07-30 11:00,162.817,163.043,162.712,162.887
2026-07-30 12:00,162.888,162.957,162.686,162.956
2026-07-30 13:00,162.951,162.959,159.721,159.745
2026-07-30 14:00,159.740,159.955,157.923,159.278
2026-07-30 15:00,159.280,159.622,158.874,159.472
2026-07-30 16:00,159.463,159.689,159.363,159.562
2026-07-30 17:00,159.572,159.845,158.498,158.996
2026-07-30 18:00,158.981,159.099,158.836,158.888
2026-07-30 19:00,158.882,159.431,158.882,159.337
2026-07-30 20:00,159.346,159.605,159.334,159.524
2026-07-30 21:00,159.522,159.671,159.421,159.619
2026-07-30 22:00,159.646,159.784,159.353,159.704
2026-07-30 23:00,159.644,160.213,159.564,160.174
2026-07-31 00:00,160.187,160.690,160.136,160.536
2026-07-31 01:00,160.531,160.746,160.324,160.727
2026-07-31 02:00,160.738,160.740,160.427,160.512
2026-07-31 03:00,160.490,160.878,160.455,160.608
2026-07-31 04:00,160.603,160.806,160.555,160.682
2026-07-31 05:00,160.673,160.748,160.536,160.597
2026-07-31 06:00,160.593,160.608,159.921,160.282
2026-07-31 07:00,160.289,160.647,160.199,160.200
2026-07-31 08:00,160.204,160.518,158.518,158.923
2026-07-31 09:00,158.921,160.087,158.550,159.989
2026-07-31 10:00,159.996,160.141,159.853,159.985
2026-07-31 11:00,159.985,160.258,159.982,160.208
2026-07-31 12:00,160.205,160.453,160.161,160.365
2026-07-31 13:00,160.374,160.539,159.123,159.482
2026-07-31 14:00,159.495,159.558,158.895,159.237
2026-07-31 15:00,159.240,159.425,158.843,159.165
2026-07-31 16:00,159.166,159.370,159.111,159.359
2026-07-31 17:00,159.359,159.508,158.149,158.489
2026-07-31 18:00,158.486,159.130,158.302,158.883
2026-07-31 19:00,158.899,159.240,158.848,159.175
2026-07-31 20:00,159.166,159.202,157.151,157.538
2026-07-31 21:00,157.400,157.400,157.400,157.400
2026-08-02 23:00,157.301,157.875,157.047,157.582
2026-08-03 00:00,157.587,157.886,155.215,156.115
2026-08-03 01:00,156.125,156.457,155.415,156.343
2026-08-03 02:00,156.342,156.631,156.209,156.485
2026-08-03 03:00,156.475,156.646,156.289,156.519
2026-08-03 04:00,156.518,156.547,156.361,156.451
2026-08-03 05:00,156.451,156.509,156.360,156.397
2026-08-03 06:00,156.394,156.852,156.319,156.766
2026-08-03 07:00,156.774,156.803,156.471,156.772
2026-08-03 08:00,156.777,156.984,156.554,156.981
2026-08-03 09:00,156.977,157.136,156.846,157.083
2026-08-03 10:00,157.092,157.096,156.665,156.817
2026-08-03 11:00,156.815,156.994,156.566,156.655
2026-08-03 12:00,156.655,156.895,156.582,156.822
2026-08-03 13:00,156.814,156.862,156.297,156.434
2026-08-03 14:00,156.479,156.753,156.222,156.550
2026-08-03 15:00,156.560,157.035,156.548,156.970
2026-08-03 16:00,156.958,156.975,156.577,156.888
2026-08-03 17:00,156.891,157.038,156.872,157.025
2026-08-03 18:00,157.013,157.083,156.666,156.783
2026-08-03 19:00,156.776,156.966,156.741,156.941
2026-08-03 20:00,156.949,157.223,156.852,157.190
2026-08-03 21:00,157.143,157.199,157.129,157.167
2026-08-03 22:00,157.167,157.438,157.144,157.359
2026-08-03 23:00,157.339,157.669,157.248,157.544
2026-08-04 00:00,157.543,157.552,157.214,157.489
2026-08-04 01:00,157.489,157.623,157.383,157.605
2026-08-04 02:00,157.604,157.748,157.581,157.717
2026-08-04 03:00,157.709,157.719,157.426,157.653
2026-08-04 04:00,157.651,157.674,157.466,157.536
2026-08-04 05:00,157.538,157.742,157.495,157.703
2026-08-04 06:00,157.703,157.770,157.548,157.672
2026-08-04 07:00,157.681,157.841,157.605,157.805
2026-08-04 08:00,157.809,157.820,157.717,157.797
2026-08-04 09:00,157.798,157.958,157.786,157.913
2026-08-04 10:00,157.909,157.957,157.752,157.819
2026-08-04 11:00,157.816,157.854,157.340,157.467
2026-08-04 12:00,157.455,157.594,157.296,157.527
2026-08-04 13:00,157.522,157.571,157.205,157.424
2026-08-04 14:00,157.395,157.639,157.288,157.554
2026-08-04 15:00,157.552,157.618,157.372,157.440
2026-08-04 16:00,157.435,157.634,157.423,157.571
2026-08-04 17:00,157.571,157.646,157.519,157.598
2026-08-04 18:00,157.597,157.699,157.596,157.652
2026-08-04 19:00,157.648,157.835,157.628,157.757
2026-08-04 20:00,157.757,157.781,157.669,157.749
2026-08-04 21:00,157.713,157.797,157.683,157.703
2026-08-04 22:00,157.703,157.764,157.661,157.716
2026-08-04 23:00,157.720,157.809,157.648,157.706
2026-08-05 00:00,157.692,157.756,157.443,157.552
2026-08-05 01:00,157.561,157.681,157.502,157.644
2026-08-05 02:00,157.635,157.700,157.298,157.458
2026-08-05 03:00,157.450,157.532,157.348,157.415
2026-08-05 04:00,157.419,157.683,157.364,157.652
2026-08-05 05:00,157.648,157.709,157.582,157.633
2026-08-05 06:00,157.634,157.767,157.570,157.610
2026-08-05 07:00,157.609,157.740,157.524,157.711
2026-08-05 08:00,157.713,157.875,157.699,157.814
2026-08-05 09:00,157.814,157.866,157.687,157.749
2026-08-05 10:00,157.746,157.813,157.687,157.697
2026-08-05 11:00,157.697,157.704,157.477,157.560
2026-08-05 12:00,157.552,157.636,157.410,157.624
2026-08-05 13:00,157.621,157.649,157.420,157.536
2026-08-05 14:00,157.531,157.607,157.304,157.494
2026-08-05 15:00,157.491,157.666,157.404,157.658
2026-08-05 16:00,157.656,157.756,157.598,157.745
2026-08-05 17:00,157.737,157.800,157.651,157.680
2026-08-05 18:00,157.680,157.709,157.614,157.667
2026-08-05 19:00,157.669,157.749,157.645,157.717
2026-08-05 20:00,157.717,157.814,157.686,157.727
2026-08-05 21:00,157.728,157.730,157.616,157.669
2026-08-05 22:00,157.670,157.717,157.654,157.658
2026-08-05 23:00,157.663,157.675,157.548,157.604
2026-08-06 00:00,157.600,157.760,157.600,157.730
2026-08-06 01:00,157.722,157.748,157.588,157.665
2026-08-06 02:00,157.656,157.685,157.584,157.673
2026-08-06 03:00,157.663,157.745,157.663,157.727
2026-08-06 04:00,157.727,157.749,157.701,157.734
2026-08-06 05:00,157.734,157.777,157.702,157.748
2026-08-06 06:00,157.745,157.851,157.719,157.827
2026-08-06 07:00,157.822,157.895,157.743,157.858
2026-08-06 08:00,157.859,157.881,157.786,157.835
2026-08-06 09:00,157.832,157.881,157.816,157.867
2026-08-06 10:00,157.864,157.892,157.828,157.868
2026-08-06 11:00,157.868,157.938,157.849,157.849
2026-08-06 12:00,157.850,157.925,157.810,157.902
2026-08-06 13:00,157.899,157.944,157.815,157.863
2026-08-06 14:00,157.865,158.283,157.859,158.199
2026-08-06 15:00,158.199,158.463,158.197,158.447
2026-08-06 16:00,158.443,158.555,158.216,158.504
2026-08-06 17:00,158.504,158.510,158.386,158.397
2026-08-06 18:00,158.398,158.418,158.319,158.321
2026-08-06 19:00,158.328,158.480,158.286,158.394
2026-08-06 20:00,158.401,158.508,158.382,158.382
2026-08-06 21:00,158.390,158.472,158.372,158.435
2026-08-06 22:00,158.435,158.508,158.425,158.464
2026-08-06 23:00,158.451,158.468,158.367,158.413
2026-08-07 00:00,158.409,158.576,158.407,158.519
2026-08-07 01:00,158.519,158.537,158.208,158.323
2026-08-07 02:00,158.323,158.387,158.301,158.374
2026-08-07 03:00,158.368,158.448,158.357,158.405
2026-08-07 04:00,158.402,158.430,158.367,158.371
2026-08-07 05:00,158.370,158.393,158.315,158.327
2026-08-07 06:00,158.327,158.368,158.281,158.357
2026-08-07 07:00,158.361,158.457,158.317,158.400
2026-08-07 08:00,158.410,158.478,158.334,158.375
2026-08-07 09:00,158.366,158.395,158.312,158.350
2026-08-07 10:00,158.350,158.415,158.240,158.301
2026-08-07 11:00,158.301,158.373,158.258,158.326
2026-08-07 12:00,158.326,158.397,156.652,157.380
2026-08-07 13:00,157.379,157.761,157.233,157.739
2026-08-07 14:00,157.733,157.949,157.664,157.926
2026-08-07 15:00,157.925,157.989,157.435,157.548
2026-08-07 16:00,157.549,157.552,157.299,157.447
2026-08-07 17:00,157.449,157.500,157.366,157.483
2026-08-07 18:00,157.482,157.625,157.472,157.532
2026-08-07 19:00,157.529,157.620,157.446,157.553
2026-08-07 20:00,157.556,157.871,157.534,157.745
2026-08-09 23:00,157.916,157.936,157.819,157.900
2026-08-10 00:00,157.902,157.969,157.831,157.943
2026-08-10 01:00,157.943,158.317,157.923,158.266
2026-08-10 02:00,158.266,158.304,158.214,158.225
2026-08-10 03:00,158.229,158.234,158.147,158.196
2026-08-10 04:00,158.190,158.342,158.190,158.337
2026-08-10 05:00,158.332,158.387,158.292,158.339
2026-08-10 06:00,158.339,158.457,158.332,158.379
2026-08-10 07:00,158.375,158.523,158.375,158.480
2026-08-10 08:00,158.480,158.685,158.426,158.658
2026-08-10 09:00,158.663,158.858,158.642,158.843
2026-08-10 10:00,158.845,158.891,158.726,158.780
2026-08-10 11:00,158.781,158.876,158.734,158.810
2026-08-10 12:00,158.810,158.948,158.401,158.938
2026-08-10 13:00,158.934,159.064,158.853,159.013
2026-08-10 14:00,159.008,159.017,158.857,158.936
2026-08-10 15:00,158.930,159.007,158.850,158.896
2026-08-10 16:00,158.896,159.044,158.889,159.028
2026-08-10 17:00,159.031,159.163,159.022,159.131
2026-08-10 18:00,159.130,159.358,159.077,159.236
2026-08-10 19:00,159.235,159.363,159.217,159.300
2026-08-10 20:00,159.296,159.344,159.278,159.284
2026-08-10 21:00,159.257,159.268,159.154,159.222
2026-08-10 22:00,159.221,159.309,159.199,159.256
2026-08-10 23:00,159.241,159.290,159.121,159.150
2026-08-11 00:00,159.150,159.198,158.920,159.145
2026-08-11 01:00,159.142,159.183,159.061,159.163
2026-08-11 02:00,159.162,159.312,159.154,159.260
2026-08-11 03:00,159.257,159.270,159.139,159.200
2026-08-11 04:00,159.196,159.251,159.155,159.184
2026-08-11 05:00,159.183,159.231,159.147,159.201
2026-08-11 06:00,159.200,159.241,159.173,159.208
2026-08-11 07:00,159.205,159.377,159.195,159.356
2026-08-11 08:00,159.361,159.371,159.277,159.349
2026-08-11 09:00,159.349,159.390,159.265,159.282
2026-08-11 10:00,159.276,159.331,159.186,159.225
2026-08-11 11:00,159.224,159.253,159.049,159.244
2026-08-11 12:00,159.245,159.365,159.184,159.270
2026-08-11 13:00,159.265,159.271,159.167,159.230
2026-08-11 14:00,159.229,159.294,159.192,159.230
2026-08-11 15:00,159.230,159.328,159.196,159.244
2026-08-11 16:00,159.244,159.269,159.205,159.261
2026-08-11 17:00,159.265,159.352,159.254,159.306
2026-08-11 18:00,159.312,159.346,159.253,159.271
2026-08-11 19:00,159.260,159.305,159.240,159.280
2026-08-11 20:00,159.284,159.365,159.234,159.260
2026-08-11 21:00,159.242,159.300,159.218,159.260
2026-08-11 22:00,159.260,159.305,159.251,159.265
2026-08-11 23:00,159.256,159.300,159.254,159.276
2026-08-12 00:00,159.265,159.369,159.194,159.336
2026-08-12 01:00,159.336,159.376,159.290,159.326
2026-08-12 02:00,159.334,159.432,159.326,159.392
2026-08-12 03:00,159.392,159.458,159.392,159.426
2026-08-12 04:00,159.420,159.461,159.362,159.413
2026-08-12 05:00,159.408,159.437,159.306,159.406
2026-08-12 06:00,159.405,159.427,159.339,159.379
2026-08-12 07:00,159.377,159.397,159.326,159.365
2026-08-12 08:00,159.368,159.372,159.280,159.315
2026-08-12 09:00,159.309,159.336,158.567,159.150
2026-08-12 10:00,159.150,159.224,159.091,159.175
2026-08-12 11:00,159.176,159.182,159.050,159.093
2026-08-12 12:00,159.093,159.189,158.639,158.802
2026-08-12 13:00,158.803,159.040,158.688,159.015
2026-08-12 14:00,159.019,159.242,158.990,159.198
2026-08-12 15:00,159.198,159.290,159.180,159.229
2026-08-12 16:00,159.226,159.410,159.196,159.380
2026-08-12 17:00,159.388,159.527,159.350,159.495
2026-08-12 18:00,159.502,159.544,159.424,159.489
2026-08-12 19:00,159.495,159.516,159.449,159.488
2026-08-12 20:00,159.486,159.505,159.392,159.401
2026-08-12 21:00,159.399,159.425,159.360,159.388
2026-08-12 22:00,159.387,159.454,159.384,159.387
2026-08-12 23:00,159.379,159.390,159.312,159.335
2026-08-13 00:00,159.336,159.384,159.238,159.314
2026-08-13 01:00,159.317,159.368,159.273,159.342
2026-08-13 02:00,159.342,159.483,159.333,159.425
2026-08-13 03:00,159.425,159.488,159.400,159.429
2026-08-13 04:00,159.421,159.477,159.172,159.243
2026-08-13 05:00,159.243,159.371,159.220,159.274
2026-08-13 06:00,159.274,159.445,159.254,159.379
2026-08-13 07:00,159.388,159.411,159.314,159.357
2026-08-13 08:00,159.361,159.412,159.337,159.398
2026-08-13 09:00,159.399,159.437,159.318,159.334
2026-08-13 10:00,159.334,159.366,159.311,159.338
2026-08-13 11:00,159.338,159.352,159.246,159.330
2026-08-13 12:00,159.331,159.413,159.168,159.169
2026-08-13 13:00,159.170,159.337,159.147,159.262
2026-08-13 14:00,159.262,159.327,159.018,159.163
2026-08-13 15:00,159.163,159.387,159.152,159.349
2026-08-13 16:00,159.350,159.497,159.337,159.477
2026-08-13 17:00,159.475,159.569,159.464,159.514
2026-08-13 18:00,159.517,159.542,159.431,159.504
2026-08-13 19:00,159.504,159.542,159.483,159.513
2026-08-13 20:00,159.513,159.566,159.468,159.469
2026-08-13 21:00,159.457,159.528,159.429,159.464
2026-08-13 22:00,159.472,159.522,159.445,159.467
2026-08-13 23:00,159.458,159.484,159.423,159.429
2026-08-14 00:00,159.427,159.510,159.345,159.368
2026-08-14 01:00,159.368,159.458,159.348,159.443
2026-08-14 02:00,159.441,159.451,159.370,159.404
2026-08-14 03:00,159.404,159.421,159.320,159.375
2026-08-14 04:00,159.375,159.386,159.329,159.353
2026-08-14 05:00,159.348,159.356,159.129,159.259
2026-08-14 06:00,159.255,159.284,159.140,159.239
2026-08-14 07:00,159.239,159.313,159.196,159.203
2026-08-14 08:00,159.200,159.227,159.056,159.174
2026-08-14 09:00,159.169,159.196,159.107,159.137
2026-08-14 10:00,159.144,159.193,159.082,159.174
2026-08-14 11:00,159.174,159.193,159.034,159.107
2026-08-14 12:00,159.104,159.114,158.595,158.918
2026-08-14 13:00,158.921,159.093,158.789,158.941
2026-08-14 14:00,158.937,159.063,158.891,159.029
2026-08-14 15:00,159.026,159.216,158.943,159.209
2026-08-14 16:00,159.209,159.372,159.198,159.362
2026-08-14 17:00,159.360,159.401,159.339,159.358
2026-08-14 18:00,159.359,159.393,159.340,159.376
2026-08-14 19:00,159.373,159.398,159.357,159.358
2026-08-14 20:00,159.358,159.370,159.246,159.285
2026-08-14 21:00,159.305,159.305,159.305,159.305
2026-08-16 23:00,159.134,159.250,159.127,159.219
2026-08-17 00:00,159.222,159.249,158.999,159.018
2026-08-17 01:00,159.020,159.105,158.980,159.052
2026-08-17 02:00,159.052,159.069,158.946,159.033
2026-08-17 03:00,159.034,159.147,159.033,159.089
2026-08-17 04:00,159.090,159.129,159.043,159.120
2026-08-17 05:00,159.115,159.123,158.972,159.082
2026-08-17 06:00,159.081,159.111,158.932,158.959
2026-08-17 07:00,158.960,159.001,158.839,158.952
2026-08-17 08:00,158.947,159.150,158.925,159.122
2026-08-17 09:00,159.122,159.185,159.062,159.167
2026-08-17 10:00,159.163,159.206,159.098,159.183
2026-08-17 11:00,159.183,159.284,159.154,159.238
2026-08-17 12:00,159.234,159.288,159.189,159.246
2026-08-17 13:00,159.242,159.384,159.212,159.263
2026-08-17 14:00,159.260,159.310,159.182,159.284
2026-08-17 15:00,159.284,159.403,159.273,159.339
2026-08-17 16:00,159.340,159.395,159.326,159.363
2026-08-17 17:00,159.361,159.505,159.349,159.491
2026-08-17 18:00,159.487,159.597,159.479,159.590
2026-08-17 19:00,159.589,159.594,159.404,159.456
2026-08-17 20:00,159.457,159.512,159.415,159.415
2026-08-17 21:00,159.404,159.491,159.281,159.397
2026-08-17 22:00,159.377,159.477,159.351,159.411
2026-08-17 23:00,159.406,159.424,159.308,159.325
2026-08-18 00:00,159.325,159.524,159.304,159.422
2026-08-18 01:00,159.422,159.512,159.389,159.500
2026-08-18 02:00,159.498,159.545,159.449,159.455
2026-08-18 03:00,159.452,159.569,159.452,159.548
2026-08-18 04:00,159.548,159.750,159.544,159.697
2026-08-18 05:00,159.689,159.734,159.616,159.663
2026-08-18 06:00,159.656,159.779,159.643,159.716
2026-08-18 07:00,159.718,159.762,159.672,159.717
2026-08-18 08:00,159.722,159.744,159.627,159.665
2026-08-18 09:00,159.668,159.694,159.581,159.604
2026-08-18 10:00,159.604,159.715,159.597,159.706
2026-08-18 11:00,159.702,159.745,159.688,159.694
2026-08-18 12:00,159.699,159.721,159.632,159.664
2026-08-18 13:00,159.663,159.723,159.560,159.572
2026-08-18 14:00,159.580,159.580,159.423,159.550
2026-08-18 15:00,159.549,159.646,159.488,159.596
2026-08-18 16:00,159.593,159.639,159.536,159.567
2026-08-18 17:00,159.571,159.638,159.557,159.598
2026-08-18 18:00,159.596,159.631,159.559,159.600
2026-08-18 19:00,159.603,159.649,159.571,159.636
2026-08-18 20:00,159.643,159.675,159.584,159.596
2026-08-18 21:00,159.592,159.621,159.469,159.581
2026-08-18 22:00,159.577,159.645,159.554,159.589
2026-08-18 23:00,159.583,159.609,159.531,159.550
2026-08-19 00:00,159.550,159.553,159.385,159.462
2026-08-19 01:00,159.456,159.525,159.436,159.448
2026-08-19 02:00,159.446,159.471,159.286,159.364
2026-08-19 03:00,159.365,159.443,159.331,159.420
2026-08-19 04:00,159.420,159.425,159.231,159.326
2026-08-19 05:00,159.326,159.332,159.204,159.295
2026-08-19 06:00,159.290,159.297,159.111,159.239
2026-08-19 07:00,159.244,159.281,159.120,159.163
2026-08-19 08:00,159.163,159.182,159.049,159.162
2026-08-19 09:00,159.162,159.266,159.065,159.084
2026-08-19 10:00,159.084,159.111,158.994,159.095
2026-08-19 11:00,159.093,159.187,159.081,159.134
2026-08-19 12:00,159.142,159.154,158.154,158.600
2026-08-19 13:00,158.587,158.601,158.313,158.432
2026-08-19 14:00,158.434,158.469,158.038,158.344
2026-08-19 15:00,158.348,158.525,158.342,158.453
2026-08-19 16:00,158.450,158.501,158.310,158.385
2026-08-19 17:00,158.380,158.614,158.318,158.582
2026-08-19 18:00,158.584,158.597,158.257,158.319
2026-08-19 19:00,158.313,158.368,158.093,158.139
2026-08-19 20:00,158.145,158.223,158.085,158.144
2026-08-19 21:00,158.122,158.145,158.057,158.100
2026-08-19 22:00,158.095,158.197,158.012,158.172
2026-08-19 23:00,158.181,158.281,158.176,158.259
2026-08-20 00:00,158.255,158.439,158.155,158.404
2026-08-20 01:00,158.399,158.568,158.320,158.530
2026-08-20 02:00,158.524,158.538,158.298,158.439
2026-08-20 03:00,158.438,158.491,158.370,158.430
2026-08-20 04:00,158.428,158.634,158.411,158.564
2026-08-20 05:00,158.567,158.731,158.528,158.629
2026-08-20 06:00,158.630,158.659,158.353,158.360
2026-08-20 07:00,158.359,158.546,158.320,158.435
2026-08-20 08:00,158.437,158.535,158.369,158.489
2026-08-20 09:00,158.490,158.496,158.196,158.335
2026-08-20 10:00,158.339,158.522,158.234,158.467
2026-08-20 11:00,158.467,158.711,158.467,158.657
2026-08-20 12:00,158.660,158.801,158.593,158.635
2026-08-20 13:00,158.638,158.835,158.534,158.825
2026-08-20 14:00,158.820,158.893,158.703,158.723
2026-08-20 15:00,158.721,158.977,158.489,158.848
2026-08-20 16:00,158.850,159.098,158.835,158.994
2026-08-20 17:00,158.992,159.101,158.964,159.047
2026-08-20 18:00,159.049,159.175,159.031,159.141
2026-08-20 19:00,159.135,159.179,159.099,159.112
2026-08-20 20:00,159.112,159.141,159.013,159.016
2026-08-20 21:00,159.012,159.077,158.982,159.020
2026-08-20 22:00,159.026,159.079,158.934,158.955
2026-08-20 23:00,158.951,158.961,158.864,158.890
2026-08-21 00:00,158.893,159.129,158.864,159.097
2026-08-21 01:00,159.089,159.134,158.901,158.945
2026-08-21 02:00,158.949,159.024,158.872,158.965
2026-08-21 03:00,158.962,159.088,158.933,158.993
2026-08-21 04:00,158.994,159.064,158.947,158.997
2026-08-21 05:00,158.997,159.031,158.810,158.830
2026-08-21 06:00,158.830,158.988,158.785,158.887
2026-08-21 07:00,158.889,158.933,158.729,158.817
2026-08-21 08:00,158.817,158.870,158.508,158.522
2026-08-21 09:00,158.528,158.608,158.347,158.597
2026-08-21 10:00,158.603,158.735,158.518,158.695
2026-08-21 11:00,158.698,158.768,158.547,158.682
2026-08-21 12:00,158.682,158.846,158.618,158.753
2026-08-21 13:00,158.747,158.896,158.716,158.770
2026-08-21 14:00,158.773,159.008,158.763,158.952
2026-08-21 15:00,158.952,159.040,158.897,158.916
2026-08-21 16:00,158.910,158.981,158.820,158.959
2026-08-21 17:00,158.959,159.044,158.957,159.016
2026-08-21 18:00,159.012,159.052,158.979,159.014
2026-08-21 19:00,159.015,159.042,158.955,158.995
2026-08-21 20:00,158.998,159.018,158.862,158.862
2026-08-21 22:00,158.940,158.940,158.940,158.940
2026-08-23 23:00,158.963,159.003,158.864,158.871
2026-08-24 00:00,158.870,158.888,158.698,158.724
2026-08-24 01:00,158.724,158.953,158.711,158.842
2026-08-24 02:00,158.836,158.918,158.804,158.873
2026-08-24 03:00,158.873,158.970,158.872,158.927
2026-08-24 04:00,158.927,158.963,158.808,158.858
2026-08-24 05:00,158.859,158.976,158.851,158.898
2026-08-24 06:00,158.898,159.032,158.852,159.031
2026-08-24 07:00,159.027,159.187,158.979,159.158
2026-08-24 08:00,159.155,159.282,159.144,159.189
2026-08-24 09:00,159.192,159.234,159.145,159.198
2026-08-24 10:00,159.205,159.215,159.115,159.198
2026-08-24 11:00,159.206,159.232,158.990,159.060
2026-08-24 12:00,159.062,159.122,158.877,159.042
2026-08-24 13:00,159.042,159.162,159.011,159.101
2026-08-24 14:00,159.107,159.201,159.068,159.196
2026-08-24 15:00,159.195,159.201,159.063,159.170
2026-08-24 16:00,159.170,159.195,159.000,159.073
2026-08-24 17:00,159.069,159.192,158.980,159.157
2026-08-24 18:00,159.154,159.214,159.131,159.175
2026-08-24 19:00,159.176,159.217,159.120,159.163
2026-08-24 20:00,159.158,159.181,159.057,159.075
2026-08-24 21:00,159.062,159.121,158.992,159.066
2026-08-24 22:00,159.053,159.122,159.008,159.094
2026-08-24 23:00,159.094,159.159,159.052,159.128
2026-08-25 00:00,159.127,159.193,159.084,159.186
2026-08-25 01:00,159.185,159.310,159.121,159.268
2026-08-25 02:00,159.260,159.397,159.244,159.355
2026-08-25 03:00,159.355,159.394,159.314,159.324
2026-08-25 04:00,159.324,159.370,159.207,159.301
2026-08-25 05:00,159.302,159.349,159.275,159.332
2026-08-25 06:00,159.331,159.411,159.268,159.408
2026-08-25 07:00,159.403,159.456,159.310,159.439
2026-08-25 08:00,159.438,159.491,159.320,159.340
2026-08-25 09:00,159.341,159.359,159.218,159.281
2026-08-25 10:00,159.276,159.328,159.237,159.279
2026-08-25 11:00,159.282,159.332,159.227,159.244
2026-08-25 12:00,159.244,159.295,159.188,159.290
2026-08-25 13:00,159.292,159.301,159.108,159.197
2026-08-25 14:00,159.211,159.326,159.183,159.253
2026-08-25 15:00,159.248,159.292,159.175,159.208
2026-08-25 16:00,159.208,159.293,159.198,159.273
2026-08-25 17:00,159.269,159.314,159.209,159.216
2026-08-25 18:00,159.215,159.255,159.186,159.218
2026-08-25 19:00,159.223,159.237,159.075,159.135
2026-08-25 20:00,159.135,159.238,159.119,159.164
2026-08-25 21:00,159.135,159.221,159.133,159.195
2026-08-25 22:00,159.187,159.236,159.181,159.193
2026-08-25 23:00,159.192,159.262,159.192,159.209
2026-08-26 00:00,159.209,159.259,159.098,159.164
2026-08-26 01:00,159.165,159.185,158.958,159.044
2026-08-26 02:00,159.046,159.053,158.875,159.032
2026-08-26 03:00,159.038,159.039,158.893,158.956
2026-08-26 04:00,158.952,159.041,158.936,159.027
2026-08-26 05:00,159.033,159.050,158.957,159.009
2026-08-26 06:00,159.007,159.123,159.000,159.055
2026-08-26 07:00,159.050,159.062,158.958,159.004
2026-08-26 08:00,159.012,159.033,158.925,159.006
2026-08-26 09:00,159.006,159.057,158.951,158.982
2026-08-26 10:00,158.985,159.121,158.978,159.089
2026-08-26 11:00,159.087,159.161,159.054,159.078
2026-08-26 12:00,159.078,159.255,158.888,159.230
2026-08-26 13:00,159.230,159.395,159.226,159.395
2026-08-26 14:00,159.390,159.444,159.341,159.403
2026-08-26 15:00,159.403,159.413,159.313,159.365
2026-08-26 16:00,159.362,159.428,159.294,159.417
2026-08-26 17:00,159.412,159.427,159.356,159.387
2026-08-26 18:00,159.388,159.417,159.368,159.396
2026-08-26 19:00,159.396,159.412,159.319,159.345
2026-08-26 20:00,159.341,159.363,159.278,159.286
2026-08-26 21:00,159.274,159.318,159.226,159.244
2026-08-26 22:00,159.262,159.333,159.238,159.268
2026-08-26 23:00,159.258,159.274,159.203,159.245
2026-08-27 00:00,159.249,159.255,159.108,159.176
2026-08-27 01:00,159.177,159.282,159.126,159.253
2026-08-27 02:00,159.246,159.400,159.244,159.327
2026-08-27 03:00,159.333,159.374,159.301,159.343
2026-08-27 04:00,159.342,159.384,159.325,159.361
2026-08-27 05:00,159.355,159.386,159.279,159.360
2026-08-27 06:00,159.360,159.390,159.330,159.352
2026-08-27 07:00,159.352,159.373,159.268,159.352
2026-08-27 08:00,159.352,159.368,159.275,159.318
2026-08-27 09:00,159.319,159.490,159.305,159.473
2026-08-27 10:00,159.471,159.526,159.413,159.474
2026-08-27 11:00,159.471,159.515,159.412,159.434
2026-08-27 12:00,159.434,159.447,159.342,159.408
2026-08-27 13:00,159.410,159.467,159.335,159.361
2026-08-27 14:00,159.363,159.375,159.270,159.326
2026-08-27 15:00,159.331,159.331,159.233,159.262
2026-08-27 16:00,159.258,159.306,159.240,159.289
2026-08-27 17:00,159.289,159.408,159.260,159.402
2026-08-27 18:00,159.400,159.460,159.396,159.429
2026-08-27 19:00,159.428,159.448,159.395,159.416
2026-08-27 20:00,159.412,159.422,159.362,159.367
2026-08-27 21:00,159.376,159.417,159.304,159.362
2026-08-27 22:00,159.362,159.395,159.347,159.351
2026-08-27 23:00,159.350,159.374,159.304,159.308
2026-08-28 00:00,159.307,159.390,159.292,159.360
2026-08-28 01:00,159.365,159.445,159.325,159.426
2026-08-28 02:00,159.426,159.467,159.386,159.433
2026-08-28 03:00,159.436,159.464,159.428,159.444
2026-08-28 04:00,159.444,159.515,159.444,159.493
2026-08-28 05:00,159.493,159.560,159.492,159.518
2026-08-28 06:00,159.523,159.542,159.408,159.414
2026-08-28 07:00,159.415,159.507,159.404,159.501
2026-08-28 08:00,159.502,159.588,159.495,159.568
2026-08-28 09:00,159.568,159.692,159.564,159.683
2026-08-28 10:00,159.683,159.694,159.631,159.633
2026-08-28 11:00,159.633,159.686,159.627,159.648
2026-08-28 12:00,159.648,159.679,159.558,159.575
2026-08-28 13:00,159.570,159.693,159.531,159.662
2026-08-28 14:00,159.640,159.945,159.385,159.868
2026-08-28 15:00,159.872,160.060,159.825,159.975
2026-08-28 16:00,159.975,160.202,159.954,160.195
2026-08-28 17:00,160.189,160.202,160.132,160.178
2026-08-28 18:00,160.176,160.191,160.129,160.133
2026-08-28 19:00,160.137,160.148,160.043,160.078
2026-08-28 20:00,160.081,160.140,160.004,160.038
2026-08-30 23:00,160.104,160.201,160.102,160.111
2026-08-31 00:00,160.114,160.117,159.950,159.959
2026-08-31 01:00,159.960,159.981,159.748,159.818
2026-08-31 02:00,159.818,159.844,159.726,159.769
2026-08-31 03:00,159.768,159.843,159.745,159.796
2026-08-31 04:00,159.796,159.831,159.740,159.787
2026-08-31 05:00,159.785,159.875,159.761,159.828
2026-08-31 06:00,159.823,159.915,159.780,159.800
2026-08-31 07:00,159.795,159.819,159.539,159.576
2026-08-31 08:00,159.575,159.750,159.470,159.735
2026-08-31 09:00,159.737,159.767,159.684,159.728
2026-08-31 10:00,159.735,159.777,159.698,159.721
2026-08-31 11:00,159.721,159.733,159.600,159.707
2026-08-31 12:00,159.702,159.885,159.673,159.875
2026-08-31 13:00,159.878,159.896,159.760,159.824
2026-08-31 14:00,159.825,159.856,159.593,159.703
2026-08-31 15:00,159.707,159.800,159.678,159.743
2026-08-31 16:00,159.740,159.742,159.660,159.676
2026-08-31 17:00,159.680,159.721,159.662,159.687
2026-08-31 18:00,159.689,159.815,159.671,159.793
2026-08-31 19:00,159.795,159.814,159.703,159.745
2026-08-31 20:00,159.747,159.774,159.716,159.726
2026-08-31 21:00,159.725,159.765,159.699,159.707
2026-08-31 22:00,159.709,159.784,159.694,159.768
2026-08-31 23:00,159.768,159.830,159.734,159.750
2026-09-01 00:00,159.744,159.837,159.628,159.797
2026-09-01 01:00,159.792,159.850,159.698,159.754
2026-09-01 02:00,159.745,159.845,159.745,159.780
2026-09-01 03:00,159.780,159.813,159.763,159.799
2026-09-01 04:00,159.806,159.882,159.795,159.866
2026-09-01 05:00,159.866,159.905,159.822,159.874
2026-09-01 06:00,159.880,159.982,159.860,159.946
2026-09-01 07:00,159.940,160.023,159.914,159.979
2026-09-01 08:00,159.979,160.024,159.918,159.921
2026-09-01 09:00,159.920,160.061,159.886,160.049
2026-09-01 10:00,160.049,160.113,159.975,160.083
2026-09-01 11:00,160.086,160.148,159.983,160.108
2026-09-01 12:00,160.108,160.209,160.010,160.101
2026-09-01 13:00,160.102,160.163,159.992,159.992
2026-09-01 14:00,160.004,160.090,159.888,160.071
2026-09-01 15:00,160.066,160.108,160.013,160.028
2026-09-01 16:00,160.026,160.177,160.000,160.161
2026-09-01 17:00,160.161,160.248,160.141,160.238
2026-09-01 18:00,160.241,160.272,160.186,160.198
2026-09-01 19:00,160.199,160.249,160.172,160.220
2026-09-01 20:00,160.220,160.244,160.152,160.163
2026-09-01 21:00,160.141,160.188,160.094,160.140
2026-09-01 22:00,160.136,160.208,160.114,160.193
2026-09-01 23:00,160.194,160.234,160.147,160.193
2026-09-02 00:00,160.194,160.293,160.129,160.284
2026-09-02 01:00,160.284,160.394,160.261,160.365
2026-09-02 02:00,160.365,160.394,160.240,160.258
2026-09-02 03:00,160.258,160.273,160.194,160.206
2026-09-02 04:00,160.206,160.217,160.030,160.104
2026-09-02 05:00,160.103,160.133,159.793,159.824
2026-09-02 06:00,159.817,159.819,159.427,159.595
2026-09-02 07:00,159.590,159.768,159.542,159.687
2026-09-02 08:00,159.687,159.855,159.638,159.846
2026-09-02 09:00,159.846,159.882,159.767,159.853
2026-09-02 10:00,159.854,159.922,159.835,159.888
2026-09-02 11:00,159.888,159.905,159.614,159.630
2026-09-02 12:00,159.630,159.711,159.493,159.587
2026-09-02 13:00,159.586,159.616,158.194,158.566
2026-09-02 14:00,158.561,158.857,158.497,158.743
2026-09-02 15:00,158.738,158.825,158.601,158.792
2026-09-02 16:00,158.793,158.883,158.778,158.842
2026-09-02 17:00,158.843,158.964,158.765,158.873
2026-09-02 18:00,158.874,158.975,158.820,158.931
2026-09-02 19:00,158.937,159.013,158.751,158.762
2026-09-02 20:00,158.762,158.784,158.605,158.695
2026-09-02 21:00,158.674,158.722,158.627,158.663
2026-09-02 22:00,158.674,158.840,158.656,158.789
2026-09-02 23:00,158.768,158.935,158.751,158.902
2026-09-03 00:00,158.893,158.968,158.542,158.708
2026-09-03 01:00,158.706,158.726,158.218,158.508
2026-09-03 02:00,158.500,158.529,157.910,158.022
2026-09-03 03:00,158.033,158.033,157.616,157.768
2026-09-03 04:00,157.765,157.872,157.536,157.679
2026-09-03 05:00,157.679,157.786,157.361,157.369
2026-09-03 06:00,157.365,157.436,156.994,157.125
2026-09-03 07:00,157.123,157.361,156.343,157.050
2026-09-03 08:00,157.040,157.145,156.524,156.698
2026-09-03 09:00,156.694,156.855,156.188,156.409
2026-09-03 10:00,156.401,156.477,156.168,156.317
2026-09-03 11:00,156.318,156.365,155.830,156.088
2026-09-03 12:00,156.084,156.160,155.386,155.559
2026-09-03 13:00,155.563,155.742,155.368,155.377
2026-09-03 14:00,155.379,155.783,155.336,155.416
2026-09-03 15:00,155.420,155.751,155.344,155.388
2026-09-03 16:00,155.384,155.441,155.294,155.351
2026-09-03 17:00,155.351,155.491,155.346,155.463
2026-09-03 18:00,155.465,155.581,155.384,155.495
2026-09-03 19:00,155.489,155.851,155.476,155.749
2026-09-03 20:00,155.749,155.815,155.722,155.805
2026-09-03 21:00,155.779,155.890,155.769,155.848
2026-09-03 22:00,155.848,156.123,155.774,156.121
2026-09-03 23:00,156.108,156.167,155.620,155.634
2026-09-04 00:00,155.634,155.956,155.282,155.763
2026-09-04 01:00,155.761,156.077,155.668,155.848
2026-09-04 02:00,155.848,156.095,155.769,156.061
2026-09-04 03:00,156.065,156.441,156.028,156.365
2026-09-04 04:00,156.358,156.448,156.248,156.320
2026-09-04 05:00,156.317,156.418,156.230,156.328
2026-09-04 06:00,156.328,156.447,156.075,156.276
2026-09-04 07:00,156.270,156.412,156.208,156.297
2026-09-04 08:00,156.303,156.437,156.284,156.410
2026-09-04 09:00,156.408,156.581,156.300,156.479
2026-09-04 10:00,156.472,156.483,156.275,156.323
2026-09-04 11:00,156.320,156.367,156.170,156.259
2026-09-04 12:00,156.262,156.752,155.342,155.685
2026-09-04 13:00,155.684,156.145,155.478,155.841
2026-09-04 14:00,155.839,156.196,155.828,156.119
2026-09-04 15:00,156.118,156.171,155.926,156.107
2026-09-04 16:00,156.109,156.136,155.964,155.991
2026-09-04 17:00,156.024,156.193,155.986,156.138
2026-09-04 18:00,156.138,156.283,156.114,156.217
2026-09-04 19:00,156.219,156.258,156.192,156.231
2026-09-04 20:00,156.231,156.276,156.169,156.221
2026-09-06 23:00,156.208,156.244,156.083,156.198
2026-09-07 00:00,156.198,156.259,155.795,155.889
2026-09-07 01:00,155.882,156.125,155.844,156.027
2026-09-07 02:00,156.033,156.245,156.014,156.185
2026-09-07 03:00,156.185,156.215,156.035,156.045
2026-09-07 04:00,156.048,156.174,156.024,156.039
2026-09-07 05:00,156.051,156.100,155.778,155.797
2026-09-07 06:00,155.800,155.908,155.533,155.862
2026-09-07 07:00,155.870,155.905,155.515,155.544
2026-09-07 08:00,155.547,155.573,154.048,154.455
2026-09-07 09:00,154.460,154.569,154.211,154.496
2026-09-07 10:00,154.499,154.751,154.455,154.646
2026-09-07 11:00,154.642,154.772,154.603,154.727
2026-09-07 12:00,154.723,154.807,154.242,154.480
2026-09-07 13:00,154.482,154.583,154.352,154.508
2026-09-07 14:00,154.508,154.636,154.264,154.284
2026-09-07 15:00,154.283,154.440,154.223,154.389
2026-09-07 16:00,154.385,154.430,154.270,154.286
2026-09-07 17:00,154.288,154.388,154.283,154.346
2026-09-07 18:00,154.346,154.363,154.331,154.334
2026-09-07 19:00,154.332,154.378,154.328,154.351
2026-09-07 20:00,154.350,154.386,154.302,154.344
2026-09-07 21:00,154.347,154.379,154.277,154.329
2026-09-07 22:00,154.328,154.374,154.145,154.165
2026-09-07 23:00,154.150,154.167,153.791,153.818
2026-09-08 00:00,153.827,153.893,153.521,153.789
2026-09-08 01:00,153.784,153.810,153.349,153.349
2026-09-08 02:00,153.364,153.369,152.881,153.341
2026-09-08 03:00,153.352,153.362,153.114,153.322
2026-09-08 04:00,153.329,153.584,153.228,153.461
2026-09-08 05:00,153.461,153.592,153.273,153.316
2026-09-08 06:00,153.321,153.921,153.253,153.777
2026-09-08 07:00,153.774,153.970,153.716,153.800
2026-09-08 08:00,153.795,154.288,153.728,154.165
2026-09-08 09:00,154.172,154.188,153.809,153.913
2026-09-08 10:00,153.903,154.259,153.902,154.241
2026-09-08 11:00,154.233,154.423,154.136,154.256
2026-09-08 12:00,154.257,154.316,153.787,153.805
2026-09-08 13:00,153.793,153.929,153.695,153.805
2026-09-08 14:00,153.805,154.129,153.782,154.002
2026-09-08 15:00,153.998,154.264,153.996,154.244
2026-09-08 16:00,154.236,154.383,154.212,154.275
2026-09-08 17:00,154.264,154.325,154.210,154.218
2026-09-08 18:00,154.217,154.393,153.439,153.582
2026-09-08 19:00,153.591,154.007,153.591,153.981
2026-09-08 20:00,153.986,154.019,153.917,153.957
2026-09-08 21:00,153.939,153.980,153.816,153.851
2026-09-08 22:00,153.831,153.974,153.613,153.748
2026-09-08 23:00,153.722,153.737,153.417,153.444
2026-09-09 00:00,153.444,153.740,153.246,153.566
2026-09-09 01:00,153.568,153.831,153.534,153.552
2026-09-09 02:00,153.547,153.705,153.452,153.510
2026-09-09 03:00,153.505,153.598,153.330,153.447
2026-09-09 04:00,153.440,153.487,153.297,153.465
2026-09-09 05:00,153.459,153.484,153.228,153.300
2026-09-09 06:00,153.294,153.393,152.930,153.338
2026-09-09 07:00,153.339,153.372,153.086,153.103
2026-09-09 08:00,153.109,153.682,153.097,153.655
2026-09-09 09:00,153.642,153.664,153.407,153.648
2026-09-09 10:00,153.640,153.728,153.481,153.549
2026-09-09 11:00,153.553,153.583,153.188,153.225
2026-09-09 12:00,153.228,153.486,153.190,153.334
2026-09-09 13:00,153.324,153.447,153.230,153.279
2026-09-09 14:00,153.279,153.347,153.096,153.197
2026-09-09 15:00,153.197,153.801,153.144,153.534
2026-09-09 16:00,153.534,153.685,153.419,153.571
2026-09-09 17:00,153.571,153.597,153.458,153.467
2026-09-09 18:00,153.465,153.671,153.433,153.593
2026-09-09 19:00,153.593,153.727,153.577,153.632
2026-09-09 20:00,153.633,153.689,153.502,153.546
2026-09-09 21:00,153.501,153.594,153.480,153.535
2026-09-09 22:00,153.537,153.595,153.319,153.333
2026-09-09 23:00,153.342,153.620,153.297,153.529
2026-09-10 00:00,153.534,153.715,153.472,153.698
2026-09-10 01:00,153.702,153.744,153.419,153.433
2026-09-10 02:00,153.432,153.597,153.275,153.407
2026-09-10 03:00,153.409,153.488,153.362,153.383
2026-09-10 04:00,153.380,153.475,153.291,153.465
2026-09-10 05:00,153.465,153.679,153.391,153.604
2026-09-10 06:00,153.592,153.618,153.405,153.415
2026-09-10 07:00,153.416,153.565,153.315,153.389
2026-09-10 08:00,153.394,153.692,153.387,153.621
2026-09-10 09:00,153.627,153.776,153.548,153.694
2026-09-10 10:00,153.694,154.174,153.654,154.069
2026-09-10 11:00,154.074,154.201,154.031,154.152
2026-09-10 12:00,154.152,154.670,154.130,154.345
2026-09-10 13:00,154.345,154.364,153.968,154.042
2026-09-10 14:00,154.047,154.083,153.841,153.885
2026-09-10 15:00,153.887,154.119,153.846,154.060
2026-09-10 16:00,154.060,154.393,154.044,154.269
2026-09-10 17:00,154.275,154.348,154.202,154.252
2026-09-10 18:00,154.252,154.399,154.236,154.317
2026-09-10 19:00,154.312,154.395,154.303,154.340
2026-09-10 20:00,154.334,154.504,154.332,154.411
2026-09-10 21:00,154.404,154.405,154.305,154.366
2026-09-10 22:00,154.356,154.536,154.347,154.383
2026-09-10 23:00,154.367,154.617,154.357,154.456
2026-09-11 00:00,154.465,154.607,154.311,154.496
2026-09-11 01:00,154.496,154.531,154.204,154.350
2026-09-11 02:00,154.346,154.522,154.313,154.386
2026-09-11 03:00,154.379,154.508,154.319,154.393
2026-09-11 04:00,154.393,154.413,154.258,154.340
2026-09-11 05:00,154.345,154.353,154.004,154.052
2026-09-11 06:00,154.052,154.220,153.956,154.168
2026-09-11 07:00,154.169,154.284,154.070,154.217
2026-09-11 08:00,154.220,154.374,154.040,154.100
2026-09-11 09:00,154.096,154.230,154.030,154.098
2026-09-11 10:00,154.097,154.166,153.949,153.966
2026-09-11 11:00,153.965,154.090,153.873,154.023
2026-09-11 12:00,154.023,154.492,153.431,153.453
2026-09-11 13:00,153.461,153.641,153.234,153.431
2026-09-11 14:00,153.418,153.657,153.394,153.481
2026-09-11 15:00,153.480,153.738,153.414,153.704
2026-09-11 16:00,153.705,153.737,153.631,153.704
2026-09-11 17:00,153.704,153.757,153.654,153.693
2026-09-11 18:00,153.693,153.761,153.669,153.723
2026-09-11 19:00,153.718,153.775,153.675,153.682
2026-09-11 20:00,153.690,153.760,153.438,153.554
2026-09-13 23:00,153.675,153.736,153.392,153.411
2026-09-14 00:00,153.418,153.759,153.368,153.645
2026-09-14 01:00,153.651,153.873,153.624,153.732
2026-09-14 02:00,153.735,154.061,153.732,154.013
2026-09-14 02:54,154.034,154.034,154.034,154.034
